id,username,game,difficultLevel,startTime,endTime,score
0,username0,farm heroes,easy,10/11/2017 10::11::56 AM,10/11/2017 01::14::12 PM,2052
1,username1,candy crush,easy,09/11/2017 04::23::43 PM,09/11/2017 09::22::52 PM,4623
2,username2,cooking joy,easy,10/11/2017 10::11::56 AM,10/11/2017 01::14::12 PM,4738
3,username3,bike race,medium,30/11/2017 02::12::34 PM,30/11/2017 06::54::56 PM,5026
4,username4,cooking joy,easy,10/11/2017 10::11::56 AM,10/11/2017 01::14::12 PM,2443
5,username5,car racer,easy,12/11/2017 05::13::34 PM,12/11/2017 08::12::25 PM,3924
6,username6,farm fest,medium,10/11/2017 10::11::56 AM,10/11/2017 01::14::12 PM,550
7,username7,cooking joy,medium,09/11/2017 04::23::43 PM,09/11/2017 09::22::52 PM,2762
8,username8,cooking joy,medium,10/11/2017 10::11::56 AM,10/11/2017 01::14::12 PM,5369
9,username9,bike race,medium,30/11/2017 02::12::34 PM,30/11/2017 06::54::56 PM,5279
10,username10,car racer,easy,10/11/2017 10::11::56 AM,10/11/2017 01::14::12 PM,831
11,username11,bike race,easy,09/11/2017 04::23::43 PM,09/11/2017 09::22::52 PM,451
12,username12,cooking joy,easy,10/11/2017 10::11::56 AM,10/11/2017 01::14::12 PM,3156
13,username13,cooking joy,medium,09/11/2017 04::23::43 PM,09/11/2017 09::22::52 PM,6045
14,username14,cooking joy,medium,10/11/2017 10::11::56 AM,10/11/2017 01::14::12 PM,54
15,username15,temple run,medium,30/11/2017 02::12::34 PM,30/11/2017 06::54::56 PM,3312
16,username16,bike race,medium,10/11/2017 10::11::56 AM,10/11/2017 01::14::12 PM,2973
17,username17,temple run,easy,09/11/2017 04::23::43 PM,09/11/2017 09::22::52 PM,3616
18,username18,farm fest,medium,10/11/2017 10::11::56 AM,10/11/2017 01::14::12 PM,3083
19,username19,farm heroes,easy,09/11/2017 04::23::43 PM,09/11/2017 09::22::52 PM,6307
20,username20,wood block,easy,10/11/2017 10::11::56 AM,10/11/2017 01::14::12 PM,7688
21,username21,temple run,easy,30/11/2017 02::12::34 PM,30/11/2017 06::54::56 PM,8738
22,username22,car racer,easy,10/11/2017 10::11::56 AM,10/11/2017 01::14::12 PM,1867
23,username23,farm fest,easy,09/11/2017 04::23::43 PM,09/11/2017 09::22::52 PM,1822
24,username24,car racer,medium,10/11/2017 10::11::56 AM,10/11/2017 01::14::12 PM,5812
25,username25,farm fest,easy,12/11/2017 05::13::34 PM,12/11/2017 08::12::25 PM,7192
26,username26,cooking joy,medium,10/11/2017 10::11::56 AM,10/11/2017 01::14::12 PM,8755
27,username27,farm heroes,easy,30/11/2017 02::12::34 PM,30/11/2017 06::54::56 PM,2315
28,username28,bike race,easy,10/11/2017 10::11::56 AM,10/11/2017 01::14::12 PM,1326
29,username29,bike race,medium,09/11/2017 04::23::43 PM,09/11/2017 09::22::52 PM,1509
30,username30,farm fest,easy,10/11/2017 10::11::56 AM,10/11/2017 01::14::12 PM,741
31,username31,candy crush,easy,09/11/2017 04::23::43 PM,09/11/2017 09::22::52 PM,4672
32,username32,farm fest,easy,10/11/2017 10::11::56 AM,10/11/2017 01::14::12 PM,4938
33,username33,farm heroes,medium,30/11/2017 02::12::34 PM,30/11/2017 06::54::56 PM,8513
34,username34,candy crush,easy,10/11/2017 10::11::56 AM,10/11/2017 01::14::12 PM,933
35,username35,subway surfers,easy,12/11/2017 05::13::34 PM,12/11/2017 08::12::25 PM,5359
36,username36,farm heroes,easy,10/11/2017 10::11::56 AM,10/11/2017 01::14::12 PM,1513
37,username37,cooking joy,medium,09/11/2017 04::23::43 PM,09/11/2017 09::22::52 PM,292
38,username38,wood block,medium,10/11/2017 10::11::56 AM,10/11/2017 01::14::12 PM,2897
39,username39,candy crush,easy,30/11/2017 02::12::34 PM,30/11/2017 06::54::56 PM,3464
40,username40,wood block,easy,10/11/2017 10::11::56 AM,10/11/2017 01::14::12 PM,3581
41,username41,car racer,medium,09/11/2017 04::23::43 PM,09/11/2017 09::22::52 PM,7830
42,username42,farm heroes,medium,10/11/2017 10::11::56 AM,10/11/2017 01::14::12 PM,2101
43,username43,farm heroes,medium,09/11/2017 04::23::43 PM,09/11/2017 09::22::52 PM,6234
44,username44,farm fest,easy,10/11/2017 10::11::56 AM,10/11/2017 01::14::12 PM,5229
45,username45,wood block,medium,30/11/2017 02::12::34 PM,30/11/2017 06::54::56 PM,9570
46,username46,car racer,easy,10/11/2017 10::11::56 AM,10/11/2017 01::14::12 PM,6957
47,username47,car racer,medium,09/11/2017 04::23::43 PM,09/11/2017 09::22::52 PM,8485
48,username48,candy crush,easy,10/11/2017 10::11::56 AM,10/11/2017 01::14::12 PM,1125
49,username49,farm fest,easy,09/11/2017 04::23::43 PM,09/11/2017 09::22::52 PM,4783
50,username50,wood block,easy,10/11/2017 10::11::56 AM,10/11/2017 01::14::12 PM,1380
51,username51,farm fest,medium,30/11/2017 02::12::34 PM,30/11/2017 06::54::56 PM,673
52,username52,wood block,easy,10/11/2017 10::11::56 AM,10/11/2017 01::14::12 PM,1195
53,username53,bike race,medium,09/11/2017 04::23::43 PM,09/11/2017 09::22::52 PM,1211
54,username54,farm heroes,medium,10/11/2017 10::11::56 AM,10/11/2017 01::14::12 PM,6584
55,username55,candy crush,easy,12/11/2017 05::13::34 PM,12/11/2017 08::12::25 PM,8470
56,username56,wood block,easy,10/11/2017 10::11::56 AM,10/11/2017 01::14::12 PM,6748
57,username57,cooking joy,medium,30/11/2017 02::12::34 PM,30/11/2017 06::54::56 PM,2272
58,username58,candy crush,easy,10/11/2017 10::11::56 AM,10/11/2017 01::14::12 PM,3157
59,username59,bike race,medium,09/11/2017 04::23::43 PM,09/11/2017 09::22::52 PM,366
60,username60,bike race,easy,10/11/2017 10::11::56 AM,10/11/2017 01::14::12 PM,9993
61,username61,cooking joy,medium,09/11/2017 04::23::43 PM,09/11/2017 09::22::52 PM,4394
62,username62,cooking joy,easy,10/11/2017 10::11::56 AM,10/11/2017 01::14::12 PM,5148
63,username63,temple run,easy,30/11/2017 02::12::34 PM,30/11/2017 06::54::56 PM,5524
64,username64,subway surfers,medium,10/11/2017 10::11::56 AM,10/11/2017 01::14::12 PM,7280
65,username65,farm heroes,easy,12/11/2017 05::13::34 PM,12/11/2017 08::12::25 PM,4999
66,username66,subway surfers,easy,10/11/2017 10::11::56 AM,10/11/2017 01::14::12 PM,6845
67,username67,candy crush,easy,09/11/2017 04::23::43 PM,09/11/2017 09::22::52 PM,6177
68,username68,bike race,medium,10/11/2017 10::11::56 AM,10/11/2017 01::14::12 PM,594
69,username69,bike race,easy,30/11/2017 02::12::34 PM,30/11/2017 06::54::56 PM,5525
70,username70,farm heroes,easy,10/11/2017 10::11::56 AM,10/11/2017 01::14::12 PM,4685
71,username71,subway surfers,easy,09/11/2017 04::23::43 PM,09/11/2017 09::22::52 PM,2241
72,username72,wood block,easy,10/11/2017 10::11::56 AM,10/11/2017 01::14::12 PM,439
73,username73,subway surfers,easy,09/11/2017 04::23::43 PM,09/11/2017 09::22::52 PM,7658
74,username74,temple run,easy,10/11/2017 10::11::56 AM,10/11/2017 01::14::12 PM,1813
75,username75,car racer,medium,30/11/2017 02::12::34 PM,30/11/2017 06::54::56 PM,8212
76,username76,cooking joy,easy,10/11/2017 10::11::56 AM,10/11/2017 01::14::12 PM,1961
77,username77,candy crush,easy,09/11/2017 04::23::43 PM,09/11/2017 09::22::52 PM,22
78,username78,temple run,easy,10/11/2017 10::11::56 AM,10/11/2017 01::14::12 PM,484
79,username79,wood block,easy,09/11/2017 04::23::43 PM,09/11/2017 09::22::52 PM,7250
80,username80,car racer,easy,10/11/2017 10::11::56 AM,10/11/2017 01::14::12 PM,747
81,username81,candy crush,easy,30/11/2017 02::12::34 PM,30/11/2017 06::54::56 PM,3662
82,username82,car racer,easy,10/11/2017 10::11::56 AM,10/11/2017 01::14::12 PM,7985
83,username83,subway surfers,easy,09/11/2017 04::23::43 PM,09/11/2017 09::22::52 PM,5743
84,username84,bike race,medium,10/11/2017 10::11::56 AM,10/11/2017 01::14::12 PM,3180
85,username85,bike race,easy,12/11/2017 05::13::34 PM,12/11/2017 08::12::25 PM,9263
86,username86,candy crush,medium,10/11/2017 10::11::56 AM,10/11/2017 01::14::12 PM,8998
87,username87,candy crush,easy,30/11/2017 02::12::34 PM,30/11/2017 06::54::56 PM,5471
88,username88,wood block,medium,10/11/2017 10::11::56 AM,10/11/2017 01::14::12 PM,1410
89,username89,farm fest,medium,09/11/2017 04::23::43 PM,09/11/2017 09::22::52 PM,4720
90,username90,subway surfers,easy,10/11/2017 10::11::56 AM,10/11/2017 01::14::12 PM,1217
91,username91,farm heroes,easy,09/11/2017 04::23::43 PM,09/11/2017 09::22::52 PM,4299
92,username92,farm fest,easy,10/11/2017 10::11::56 AM,10/11/2017 01::14::12 PM,5072
93,username93,subway surfers,easy,30/11/2017 02::12::34 PM,30/11/2017 06::54::56 PM,5856
94,username94,bike race,easy,10/11/2017 10::11::56 AM,10/11/2017 01::14::12 PM,188
95,username95,farm heroes,medium,12/11/2017 05::13::34 PM,12/11/2017 08::12::25 PM,410
96,username96,farm fest,easy,10/11/2017 10::11::56 AM,10/11/2017 01::14::12 PM,979
97,username97,car racer,easy,09/11/2017 04::23::43 PM,09/11/2017 09::22::52 PM,4368
98,username98,subway surfers,medium,10/11/2017 10::11::56 AM,10/11/2017 01::14::12 PM,3436
99,username99,subway surfers,medium,30/11/2017 02::12::34 PM,30/11/2017 06::54::56 PM,7505
100,username100,bike race,medium,10/11/2017 10::11::56 AM,10/11/2017 01::14::12 PM,445
101,username101,subway surfers,medium,09/11/2017 04::23::43 PM,09/11/2017 09::22::52 PM,8660
102,username102,candy crush,medium,10/11/2017 10::11::56 AM,10/11/2017 01::14::12 PM,6155
103,username103,wood block,easy,09/11/2017 04::23::43 PM,09/11/2017 09::22::52 PM,7779
104,username104,farm fest,easy,10/11/2017 10::11::56 AM,10/11/2017 01::14::12 PM,8939
105,username105,candy crush,easy,30/11/2017 02::12::34 PM,30/11/2017 06::54::56 PM,4836
106,username106,temple run,medium,10/11/2017 10::11::56 AM,10/11/2017 01::14::12 PM,502
107,username107,candy crush,medium,09/11/2017 04::23::43 PM,09/11/2017 09::22::52 PM,7389
108,username108,candy crush,easy,10/11/2017 10::11::56 AM,10/11/2017 01::14::12 PM,9017
109,username109,farm heroes,medium,09/11/2017 04::23::43 PM,09/11/2017 09::22::52 PM,5742
110,username110,bike race,medium,10/11/2017 10::11::56 AM,10/11/2017 01::14::12 PM,5719
111,username111,candy crush,easy,30/11/2017 02::12::34 PM,30/11/2017 06::54::56 PM,2623
112,username112,car racer,medium,10/11/2017 10::11::56 AM,10/11/2017 01::14::12 PM,9314
113,username113,temple run,easy,09/11/2017 04::23::43 PM,09/11/2017 09::22::52 PM,6322
114,username114,subway surfers,easy,10/11/2017 10::11::56 AM,10/11/2017 01::14::12 PM,5984
115,username115,car racer,easy,12/11/2017 05::13::34 PM,12/11/2017 08::12::25 PM,9038
116,username116,temple run,easy,10/11/2017 10::11::56 AM,10/11/2017 01::14::12 PM,6589
117,username117,farm heroes,easy,30/11/2017 02::12::34 PM,30/11/2017 06::54::56 PM,8591
118,username118,car racer,medium,10/11/2017 10::11::56 AM,10/11/2017 01::14::12 PM,9687
119,username119,farm fest,medium,09/11/2017 04::23::43 PM,09/11/2017 09::22::52 PM,5979
120,username120,wood block,medium,10/11/2017 10::11::56 AM,10/11/2017 01::14::12 PM,6051
121,username121,car racer,easy,09/11/2017 04::23::43 PM,09/11/2017 09::22::52 PM,876
122,username122,candy crush,easy,10/11/2017 10::11::56 AM,10/11/2017 01::14::12 PM,6423
123,username123,farm fest,medium,30/11/2017 02::12::34 PM,30/11/2017 06::54::56 PM,3512
124,username124,bike race,medium,10/11/2017 10::11::56 AM,10/11/2017 01::14::12 PM,6320
125,username125,subway surfers,easy,12/11/2017 05::13::34 PM,12/11/2017 08::12::25 PM,4537
126,username126,farm heroes,easy,10/11/2017 10::11::56 AM,10/11/2017 01::14::12 PM,3774
127,username127,cooking joy,medium,09/11/2017 04::23::43 PM,09/11/2017 09::22::52 PM,1876
128,username128,car racer,medium,10/11/2017 10::11::56 AM,10/11/2017 01::14::12 PM,8282
129,username129,farm fest,easy,30/11/2017 02::12::34 PM,30/11/2017 06::54::56 PM,9686
130,username130,car racer,easy,10/11/2017 10::11::56 AM,10/11/2017 01::14::12 PM,3241
131,username131,cooking joy,medium,09/11/2017 04::23::43 PM,09/11/2017 09::22::52 PM,6940
132,username132,car racer,medium,10/11/2017 10::11::56 AM,10/11/2017 01::14::12 PM,2893
133,username133,farm heroes,medium,09/11/2017 04::23::43 PM,09/11/2017 09::22::52 PM,6355
134,username134,wood block,easy,10/11/2017 10::11::56 AM,10/11/2017 01::14::12 PM,5572
135,username135,cooking joy,medium,30/11/2017 02::12::34 PM,30/11/2017 06::54::56 PM,1168
136,username136,cooking joy,medium,10/11/2017 10::11::56 AM,10/11/2017 01::14::12 PM,7604
137,username137,cooking joy,easy,09/11/2017 04::23::43 PM,09/11/2017 09::22::52 PM,2547
138,username138,subway surfers,medium,10/11/2017 10::11::56 AM,10/11/2017 01::14::12 PM,8221
139,username139,car racer,easy,09/11/2017 04::23::43 PM,09/11/2017 09::22::52 PM,3628
140,username140,car racer,easy,10/11/2017 10::11::56 AM,10/11/2017 01::14::12 PM,7972
141,username141,farm fest,easy,30/11/2017 02::12::34 PM,30/11/2017 06::54::56 PM,8512
142,username142,car racer,easy,10/11/2017 10::11::56 AM,10/11/2017 01::14::12 PM,8562
143,username143,farm heroes,medium,09/11/2017 04::23::43 PM,09/11/2017 09::22::52 PM,5380
144,username144,car racer,medium,10/11/2017 10::11::56 AM,10/11/2017 01::14::12 PM,3225
145,username145,bike race,medium,12/11/2017 05::13::34 PM,12/11/2017 08::12::25 PM,1748
146,username146,car racer,easy,10/11/2017 10::11::56 AM,10/11/2017 01::14::12 PM,3422
147,username147,farm heroes,easy,30/11/2017 02::12::34 PM,30/11/2017 06::54::56 PM,6903
148,username148,car racer,easy,10/11/2017 10::11::56 AM,10/11/2017 01::14::12 PM,7674
149,username149,farm fest,medium,09/11/2017 04::23::43 PM,09/11/2017 09::22::52 PM,8426
150,username150,car racer,easy,10/11/2017 10::11::56 AM,10/11/2017 01::14::12 PM,9983
151,username151,subway surfers,easy,09/11/2017 04::23::43 PM,09/11/2017 09::22::52 PM,1316
152,username152,farm heroes,easy,10/11/2017 10::11::56 AM,10/11/2017 01::14::12 PM,4255
153,username153,temple run,easy,30/11/2017 02::12::34 PM,30/11/2017 06::54::56 PM,9511
154,username154,wood block,medium,10/11/2017 10::11::56 AM,10/11/2017 01::14::12 PM,2577
155,username155,subway surfers,medium,12/11/2017 05::13::34 PM,12/11/2017 08::12::25 PM,3223
156,username156,wood block,easy,10/11/2017 10::11::56 AM,10/11/2017 01::14::12 PM,9798
157,username157,wood block,medium,09/11/2017 04::23::43 PM,09/11/2017 09::22::52 PM,8476
158,username158,candy crush,medium,10/11/2017 10::11::56 AM,10/11/2017 01::14::12 PM,325
159,username159,bike race,easy,30/11/2017 02::12::34 PM,30/11/2017 06::54::56 PM,5688
160,username160,farm heroes,easy,10/11/2017 10::11::56 AM,10/11/2017 01::14::12 PM,1489
161,username161,car racer,medium,09/11/2017 04::23::43 PM,09/11/2017 09::22::52 PM,8412
162,username162,car racer,medium,10/11/2017 10::11::56 AM,10/11/2017 01::14::12 PM,9297
163,username163,farm fest,easy,09/11/2017 04::23::43 PM,09/11/2017 09::22::52 PM,2789
164,username164,wood block,easy,10/11/2017 10::11::56 AM,10/11/2017 01::14::12 PM,208
165,username165,temple run,easy,30/11/2017 02::12::34 PM,30/11/2017 06::54::56 PM,277
166,username166,subway surfers,easy,10/11/2017 10::11::56 AM,10/11/2017 01::14::12 PM,439
167,username167,wood block,medium,09/11/2017 04::23::43 PM,09/11/2017 09::22::52 PM,8531
168,username168,cooking joy,medium,10/11/2017 10::11::56 AM,10/11/2017 01::14::12 PM,3832
169,username169,car racer,easy,09/11/2017 04::23::43 PM,09/11/2017 09::22::52 PM,7999
170,username170,temple run,medium,10/11/2017 10::11::56 AM,10/11/2017 01::14::12 PM,7970
171,username171,farm heroes,medium,30/11/2017 02::12::34 PM,30/11/2017 06::54::56 PM,3645
172,username172,candy crush,easy,10/11/2017 10::11::56 AM,10/11/2017 01::14::12 PM,4176
173,username173,wood block,medium,09/11/2017 04::23::43 PM,09/11/2017 09::22::52 PM,6965
174,username174,bike race,easy,10/11/2017 10::11::56 AM,10/11/2017 01::14::12 PM,7548
175,username175,subway surfers,easy,12/11/2017 05::13::34 PM,12/11/2017 08::12::25 PM,4523
176,username176,wood block,easy,10/11/2017 10::11::56 AM,10/11/2017 01::14::12 PM,6982
177,username177,temple run,easy,30/11/2017 02::12::34 PM,30/11/2017 06::54::56 PM,7999
178,username178,farm heroes,medium,10/11/2017 10::11::56 AM,10/11/2017 01::14::12 PM,5919
179,username179,wood block,medium,09/11/2017 04::23::43 PM,09/11/2017 09::22::52 PM,5794
180,username180,bike race,medium,10/11/2017 10::11::56 AM,10/11/2017 01::14::12 PM,9538
181,username181,candy crush,medium,09/11/2017 04::23::43 PM,09/11/2017 09::22::52 PM,1914
182,username182,cooking joy,medium,10/11/2017 10::11::56 AM,10/11/2017 01::14::12 PM,4072
183,username183,farm heroes,medium,30/11/2017 02::12::34 PM,30/11/2017 06::54::56 PM,2687
184,username184,subway surfers,easy,10/11/2017 10::11::56 AM,10/11/2017 01::14::12 PM,4137
185,username185,bike race,easy,12/11/2017 05::13::34 PM,12/11/2017 08::12::25 PM,9165
186,username186,farm fest,easy,10/11/2017 10::11::56 AM,10/11/2017 01::14::12 PM,288
187,username187,temple run,easy,09/11/2017 04::23::43 PM,09/11/2017 09::22::52 PM,7482
188,username188,temple run,medium,10/11/2017 10::11::56 AM,10/11/2017 01::14::12 PM,4272
189,username189,candy crush,easy,30/11/2017 02::12::34 PM,30/11/2017 06::54::56 PM,3390
190,username190,farm heroes,easy,10/11/2017 10::11::56 AM,10/11/2017 01::14::12 PM,2836
191,username191,bike race,medium,09/11/2017 04::23::43 PM,09/11/2017 09::22::52 PM,7249
192,username192,farm heroes,medium,10/11/2017 10::11::56 AM,10/11/2017 01::14::12 PM,351
193,username193,farm heroes,medium,09/11/2017 04::23::43 PM,09/11/2017 09::22::52 PM,6848
194,username194,cooking joy,easy,10/11/2017 10::11::56 AM,10/11/2017 01::14::12 PM,200
195,username195,bike race,medium,30/11/2017 02::12::34 PM,30/11/2017 06::54::56 PM,7248
196,username196,bike race,easy,10/11/2017 10::11::56 AM,10/11/2017 01::14::12 PM,1552
197,username197,temple run,easy,09/11/2017 04::23::43 PM,09/11/2017 09::22::52 PM,4218
198,username198,subway surfers,easy,10/11/2017 10::11::56 AM,10/11/2017 01::14::12 PM,9227
199,username199,farm fest,easy,09/11/2017 04::23::43 PM,09/11/2017 09::22::52 PM,5583
200,username200,candy crush,medium,10/11/2017 10::11::56 AM,10/11/2017 01::14::12 PM,3694
201,username201,temple run,easy,30/11/2017 02::12::34 PM,30/11/2017 06::54::56 PM,9937
202,username202,farm fest,medium,10/11/2017 10::11::56 AM,10/11/2017 01::14::12 PM,4015
203,username203,temple run,medium,09/11/2017 04::23::43 PM,09/11/2017 09::22::52 PM,2793
204,username204,cooking joy,easy,10/11/2017 10::11::56 AM,10/11/2017 01::14::12 PM,443
205,username205,temple run,medium,12/11/2017 05::13::34 PM,12/11/2017 08::12::25 PM,3483
206,username206,farm heroes,medium,10/11/2017 10::11::56 AM,10/11/2017 01::14::12 PM,4913
207,username207,bike race,medium,30/11/2017 02::12::34 PM,30/11/2017 06::54::56 PM,3395
208,username208,farm fest,easy,10/11/2017 10::11::56 AM,10/11/2017 01::14::12 PM,7566
209,username209,temple run,medium,09/11/2017 04::23::43 PM,09/11/2017 09::22::52 PM,8714
210,username210,bike race,easy,10/11/2017 10::11::56 AM,10/11/2017 01::14::12 PM,2927
211,username211,bike race,medium,09/11/2017 04::23::43 PM,09/11/2017 09::22::52 PM,1095
212,username212,subway surfers,medium,10/11/2017 10::11::56 AM,10/11/2017 01::14::12 PM,238
213,username213,bike race,easy,30/11/2017 02::12::34 PM,30/11/2017 06::54::56 PM,3723
214,username214,farm fest,medium,10/11/2017 10::11::56 AM,10/11/2017 01::14::12 PM,9096
215,username215,farm heroes,medium,12/11/2017 05::13::34 PM,12/11/2017 08::12::25 PM,2321
216,username216,bike race,medium,10/11/2017 10::11::56 AM,10/11/2017 01::14::12 PM,9484
217,username217,farm heroes,easy,09/11/2017 04::23::43 PM,09/11/2017 09::22::52 PM,9583
218,username218,wood block,easy,10/11/2017 10::11::56 AM,10/11/2017 01::14::12 PM,5851
219,username219,farm fest,easy,30/11/2017 02::12::34 PM,30/11/2017 06::54::56 PM,3480
220,username220,temple run,easy,10/11/2017 10::11::56 AM,10/11/2017 01::14::12 PM,934
221,username221,farm heroes,easy,09/11/2017 04::23::43 PM,09/11/2017 09::22::52 PM,1931
222,username222,candy crush,medium,10/11/2017 10::11::56 AM,10/11/2017 01::14::12 PM,1698
223,username223,temple run,medium,09/11/2017 04::23::43 PM,09/11/2017 09::22::52 PM,1183
224,username224,farm heroes,easy,10/11/2017 10::11::56 AM,10/11/2017 01::14::12 PM,2174
225,username225,farm heroes,medium,30/11/2017 02::12::34 PM,30/11/2017 06::54::56 PM,2449
226,username226,candy crush,medium,10/11/2017 10::11::56 AM,10/11/2017 01::14::12 PM,6305
227,username227,subway surfers,medium,09/11/2017 04::23::43 PM,09/11/2017 09::22::52 PM,4624
228,username228,car racer,medium,10/11/2017 10::11::56 AM,10/11/2017 01::14::12 PM,1504
229,username229,candy crush,easy,09/11/2017 04::23::43 PM,09/11/2017 09::22::52 PM,5944
230,username230,candy crush,medium,10/11/2017 10::11::56 AM,10/11/2017 01::14::12 PM,8606
231,username231,wood block,medium,30/11/2017 02::12::34 PM,30/11/2017 06::54::56 PM,9089
232,username232,bike race,easy,10/11/2017 10::11::56 AM,10/11/2017 01::14::12 PM,3169
233,username233,cooking joy,easy,09/11/2017 04::23::43 PM,09/11/2017 09::22::52 PM,7759
234,username234,subway surfers,medium,10/11/2017 10::11::56 AM,10/11/2017 01::14::12 PM,75
235,username235,bike race,medium,12/11/2017 05::13::34 PM,12/11/2017 08::12::25 PM,5635
236,username236,temple run,easy,10/11/2017 10::11::56 AM,10/11/2017 01::14::12 PM,1555
237,username237,farm fest,easy,30/11/2017 02::12::34 PM,30/11/2017 06::54::56 PM,9560
238,username238,temple run,easy,10/11/2017 10::11::56 AM,10/11/2017 01::14::12 PM,1927
239,username239,candy crush,easy,09/11/2017 04::23::43 PM,09/11/2017 09::22::52 PM,6475
240,username240,car racer,medium,10/11/2017 10::11::56 AM,10/11/2017 01::14::12 PM,9007
241,username241,farm heroes,easy,09/11/2017 04::23::43 PM,09/11/2017 09::22::52 PM,4968
242,username242,cooking joy,medium,10/11/2017 10::11::56 AM,10/11/2017 01::14::12 PM,2611
243,username243,bike race,easy,30/11/2017 02::12::34 PM,30/11/2017 06::54::56 PM,8489
244,username244,wood block,easy,10/11/2017 10::11::56 AM,10/11/2017 01::14::12 PM,474
245,username245,cooking joy,medium,12/11/2017 05::13::34 PM,12/11/2017 08::12::25 PM,9873
246,username246,farm fest,medium,10/11/2017 10::11::56 AM,10/11/2017 01::14::12 PM,8267
247,username247,farm heroes,medium,09/11/2017 04::23::43 PM,09/11/2017 09::22::52 PM,9010
248,username248,car racer,medium,10/11/2017 10::11::56 AM,10/11/2017 01::14::12 PM,9844
249,username249,temple run,easy,30/11/2017 02::12::34 PM,30/11/2017 06::54::56 PM,2260
250,username250,candy crush,medium,10/11/2017 10::11::56 AM,10/11/2017 01::14::12 PM,7510
251,username251,car racer,easy,09/11/2017 04::23::43 PM,09/11/2017 09::22::52 PM,2133
252,username252,candy crush,medium,10/11/2017 10::11::56 AM,10/11/2017 01::14::12 PM,1443
253,username253,temple run,easy,09/11/2017 04::23::43 PM,09/11/2017 09::22::52 PM,8918
254,username254,subway surfers,medium,10/11/2017 10::11::56 AM,10/11/2017 01::14::12 PM,5283
255,username255,farm fest,easy,30/11/2017 02::12::34 PM,30/11/2017 06::54::56 PM,9078
256,username256,farm heroes,medium,10/11/2017 10::11::56 AM,10/11/2017 01::14::12 PM,9606
257,username257,farm fest,easy,09/11/2017 04::23::43 PM,09/11/2017 09::22::52 PM,8982
258,username258,wood block,medium,10/11/2017 10::11::56 AM,10/11/2017 01::14::12 PM,2045
259,username259,candy crush,easy,09/11/2017 04::23::43 PM,09/11/2017 09::22::52 PM,9590
260,username260,candy crush,easy,10/11/2017 10::11::56 AM,10/11/2017 01::14::12 PM,5646
261,username261,farm heroes,medium,30/11/2017 02::12::34 PM,30/11/2017 06::54::56 PM,8761
262,username262,farm heroes,easy,10/11/2017 10::11::56 AM,10/11/2017 01::14::12 PM,1188
263,username263,subway surfers,easy,09/11/2017 04::23::43 PM,09/11/2017 09::22::52 PM,252
264,username264,farm heroes,easy,10/11/2017 10::11::56 AM,10/11/2017 01::14::12 PM,5835
265,username265,candy crush,easy,12/11/2017 05::13::34 PM,12/11/2017 08::12::25 PM,7232
266,username266,subway surfers,medium,10/11/2017 10::11::56 AM,10/11/2017 01::14::12 PM,2408
267,username267,wood block,medium,30/11/2017 02::12::34 PM,30/11/2017 06::54::56 PM,303
268,username268,temple run,medium,10/11/2017 10::11::56 AM,10/11/2017 01::14::12 PM,4593
269,username269,farm heroes,medium,09/11/2017 04::23::43 PM,09/11/2017 09::22::52 PM,4656
270,username270,temple run,medium,10/11/2017 10::11::56 AM,10/11/2017 01::14::12 PM,3481
271,username271,candy crush,easy,09/11/2017 04::23::43 PM,09/11/2017 09::22::52 PM,1829
272,username272,subway surfers,easy,10/11/2017 10::11::56 AM,10/11/2017 01::14::12 PM,2146
273,username273,cooking joy,easy,30/11/2017 02::12::34 PM,30/11/2017 06::54::56 PM,7491
274,username274,farm heroes,easy,10/11/2017 10::11::56 AM,10/11/2017 01::14::12 PM,366
275,username275,farm heroes,easy,12/11/2017 05::13::34 PM,12/11/2017 08::12::25 PM,2854
276,username276,temple run,easy,10/11/2017 10::11::56 AM,10/11/2017 01::14::12 PM,5829
277,username277,bike race,easy,09/11/2017 04::23::43 PM,09/11/2017 09::22::52 PM,4797
278,username278,farm fest,medium,10/11/2017 10::11::56 AM,10/11/2017 01::14::12 PM,1986
279,username279,cooking joy,easy,30/11/2017 02::12::34 PM,30/11/2017 06::54::56 PM,3077
280,username280,car racer,medium,10/11/2017 10::11::56 AM,10/11/2017 01::14::12 PM,4560
281,username281,wood block,medium,09/11/2017 04::23::43 PM,09/11/2017 09::22::52 PM,5079
282,username282,car racer,easy,10/11/2017 10::11::56 AM,10/11/2017 01::14::12 PM,4103
283,username283,candy crush,easy,09/11/2017 04::23::43 PM,09/11/2017 09::22::52 PM,9967
284,username284,candy crush,medium,10/11/2017 10::11::56 AM,10/11/2017 01::14::12 PM,9287
285,username285,farm heroes,medium,30/11/2017 02::12::34 PM,30/11/2017 06::54::56 PM,7545
286,username286,subway surfers,easy,10/11/2017 10::11::56 AM,10/11/2017 01::14::12 PM,7288
287,username287,farm fest,medium,09/11/2017 04::23::43 PM,09/11/2017 09::22::52 PM,396
288,username288,bike race,easy,10/11/2017 10::11::56 AM,10/11/2017 01::14::12 PM,1125
289,username289,cooking joy,easy,09/11/2017 04::23::43 PM,09/11/2017 09::22::52 PM,9540
290,username290,wood block,easy,10/11/2017 10::11::56 AM,10/11/2017 01::14::12 PM,9395
291,username291,wood block,medium,30/11/2017 02::12::34 PM,30/11/2017 06::54::56 PM,483
292,username292,subway surfers,easy,10/11/2017 10::11::56 AM,10/11/2017 01::14::12 PM,8226
293,username293,cooking joy,easy,09/11/2017 04::23::43 PM,09/11/2017 09::22::52 PM,7815
294,username294,subway surfers,easy,10/11/2017 10::11::56 AM,10/11/2017 01::14::12 PM,8776
295,username295,bike race,medium,12/11/2017 05::13::34 PM,12/11/2017 08::12::25 PM,5002
296,username296,cooking joy,medium,10/11/2017 10::11::56 AM,10/11/2017 01::14::12 PM,1994
297,username297,subway surfers,medium,30/11/2017 02::12::34 PM,30/11/2017 06::54::56 PM,7808
298,username298,farm heroes,medium,10/11/2017 10::11::56 AM,10/11/2017 01::14::12 PM,2765
299,username299,farm fest,medium,09/11/2017 04::23::43 PM,09/11/2017 09::22::52 PM,1651
300,username300,candy crush,medium,10/11/2017 10::11::56 AM,10/11/2017 01::14::12 PM,78
301,username301,car racer,easy,09/11/2017 04::23::43 PM,09/11/2017 09::22::52 PM,3515
302,username302,farm heroes,medium,10/11/2017 10::11::56 AM,10/11/2017 01::14::12 PM,6928
303,username303,farm heroes,medium,30/11/2017 02::12::34 PM,30/11/2017 06::54::56 PM,4222
304,username304,car racer,medium,10/11/2017 10::11::56 AM,10/11/2017 01::14::12 PM,4600
305,username305,candy crush,easy,12/11/2017 05::13::34 PM,12/11/2017 08::12::25 PM,4219
306,username306,car racer,easy,10/11/2017 10::11::56 AM,10/11/2017 01::14::12 PM,5972
307,username307,subway surfers,easy,09/11/2017 04::23::43 PM,09/11/2017 09::22::52 PM,9711
308,username308,cooking joy,medium,10/11/2017 10::11::56 AM,10/11/2017 01::14::12 PM,8600
309,username309,wood block,medium,30/11/2017 02::12::34 PM,30/11/2017 06::54::56 PM,626
310,username310,candy crush,easy,10/11/2017 10::11::56 AM,10/11/2017 01::14::12 PM,1974
311,username311,temple run,easy,09/11/2017 04::23::43 PM,09/11/2017 09::22::52 PM,5752
312,username312,farm fest,medium,10/11/2017 10::11::56 AM,10/11/2017 01::14::12 PM,5742
313,username313,temple run,easy,09/11/2017 04::23::43 PM,09/11/2017 09::22::52 PM,6057
314,username314,farm heroes,medium,10/11/2017 10::11::56 AM,10/11/2017 01::14::12 PM,1086
315,username315,subway surfers,medium,30/11/2017 02::12::34 PM,30/11/2017 06::54::56 PM,7288
316,username316,bike race,easy,10/11/2017 10::11::56 AM,10/11/2017 01::14::12 PM,9467
317,username317,car racer,easy,09/11/2017 04::23::43 PM,09/11/2017 09::22::52 PM,1571
318,username318,farm heroes,medium,10/11/2017 10::11::56 AM,10/11/2017 01::14::12 PM,5830
319,username319,farm heroes,easy,09/11/2017 04::23::43 PM,09/11/2017 09::22::52 PM,1544
320,username320,candy crush,medium,10/11/2017 10::11::56 AM,10/11/2017 01::14::12 PM,9229
321,username321,farm fest,easy,30/11/2017 02::12::34 PM,30/11/2017 06::54::56 PM,2400
322,username322,temple run,medium,10/11/2017 10::11::56 AM,10/11/2017 01::14::12 PM,7462
323,username323,bike race,easy,09/11/2017 04::23::43 PM,09/11/2017 09::22::52 PM,2640
324,username324,car racer,medium,10/11/2017 10::11::56 AM,10/11/2017 01::14::12 PM,6888
325,username325,farm heroes,easy,12/11/2017 05::13::34 PM,12/11/2017 08::12::25 PM,6114
326,username326,candy crush,medium,10/11/2017 10::11::56 AM,10/11/2017 01::14::12 PM,6118
327,username327,cooking joy,medium,30/11/2017 02::12::34 PM,30/11/2017 06::54::56 PM,6203
328,username328,car racer,medium,10/11/2017 10::11::56 AM,10/11/2017 01::14::12 PM,4253
329,username329,car racer,easy,09/11/2017 04::23::43 PM,09/11/2017 09::22::52 PM,6544
330,username330,cooking joy,medium,10/11/2017 10::11::56 AM,10/11/2017 01::14::12 PM,6239
331,username331,farm heroes,easy,09/11/2017 04::23::43 PM,09/11/2017 09::22::52 PM,8192
332,username332,cooking joy,medium,10/11/2017 10::11::56 AM,10/11/2017 01::14::12 PM,8942
333,username333,bike race,easy,30/11/2017 02::12::34 PM,30/11/2017 06::54::56 PM,6964
334,username334,bike race,easy,10/11/2017 10::11::56 AM,10/11/2017 01::14::12 PM,192
335,username335,farm heroes,medium,12/11/2017 05::13::34 PM,12/11/2017 08::12::25 PM,3906
336,username336,subway surfers,easy,10/11/2017 10::11::56 AM,10/11/2017 01::14::12 PM,5916
337,username337,wood block,easy,09/11/2017 04::23::43 PM,09/11/2017 09::22::52 PM,8215
338,username338,bike race,medium,10/11/2017 10::11::56 AM,10/11/2017 01::14::12 PM,4376
339,username339,wood block,medium,30/11/2017 02::12::34 PM,30/11/2017 06::54::56 PM,4197
340,username340,subway surfers,medium,10/11/2017 10::11::56 AM,10/11/2017 01::14::12 PM,4183
341,username341,farm fest,medium,09/11/2017 04::23::43 PM,09/11/2017 09::22::52 PM,3699
342,username342,temple run,medium,10/11/2017 10::11::56 AM,10/11/2017 01::14::12 PM,3404
343,username343,bike race,easy,09/11/2017 04::23::43 PM,09/11/2017 09::22::52 PM,7958
344,username344,farm fest,medium,10/11/2017 10::11::56 AM,10/11/2017 01::14::12 PM,5199
345,username345,temple run,easy,30/11/2017 02::12::34 PM,30/11/2017 06::54::56 PM,1188
346,username346,candy crush,easy,10/11/2017 10::11::56 AM,10/11/2017 01::14::12 PM,8948
347,username347,farm fest,easy,09/11/2017 04::23::43 PM,09/11/2017 09::22::52 PM,7639
348,username348,farm heroes,easy,10/11/2017 10::11::56 AM,10/11/2017 01::14::12 PM,1499
349,username349,bike race,easy,09/11/2017 04::23::43 PM,09/11/2017 09::22::52 PM,8476
350,username350,cooking joy,medium,10/11/2017 10::11::56 AM,10/11/2017 01::14::12 PM,9306
351,username351,cooking joy,medium,30/11/2017 02::12::34 PM,30/11/2017 06::54::56 PM,8115
352,username352,car racer,medium,10/11/2017 10::11::56 AM,10/11/2017 01::14::12 PM,1305
353,username353,car racer,medium,09/11/2017 04::23::43 PM,09/11/2017 09::22::52 PM,4743
354,username354,bike race,medium,10/11/2017 10::11::56 AM,10/11/2017 01::14::12 PM,3213
355,username355,car racer,medium,12/11/2017 05::13::34 PM,12/11/2017 08::12::25 PM,6772
356,username356,wood block,easy,10/11/2017 10::11::56 AM,10/11/2017 01::14::12 PM,9474
357,username357,farm fest,easy,30/11/2017 02::12::34 PM,30/11/2017 06::54::56 PM,5282
358,username358,subway surfers,easy,10/11/2017 10::11::56 AM,10/11/2017 01::14::12 PM,176
359,username359,subway surfers,medium,09/11/2017 04::23::43 PM,09/11/2017 09::22::52 PM,2779
360,username360,wood block,easy,10/11/2017 10::11::56 AM,10/11/2017 01::14::12 PM,4541
361,username361,subway surfers,easy,09/11/2017 04::23::43 PM,09/11/2017 09::22::52 PM,3627
362,username362,cooking joy,easy,10/11/2017 10::11::56 AM,10/11/2017 01::14::12 PM,8992
363,username363,subway surfers,medium,30/11/2017 02::12::34 PM,30/11/2017 06::54::56 PM,7828
364,username364,cooking joy,easy,10/11/2017 10::11::56 AM,10/11/2017 01::14::12 PM,319
365,username365,subway surfers,medium,12/11/2017 05::13::34 PM,12/11/2017 08::12::25 PM,1190
366,username366,subway surfers,medium,10/11/2017 10::11::56 AM,10/11/2017 01::14::12 PM,4122
367,username367,car racer,easy,09/11/2017 04::23::43 PM,09/11/2017 09::22::52 PM,6055
368,username368,cooking joy,medium,10/11/2017 10::11::56 AM,10/11/2017 01::14::12 PM,2922
369,username369,car racer,medium,30/11/2017 02::12::34 PM,30/11/2017 06::54::56 PM,932
370,username370,car racer,easy,10/11/2017 10::11::56 AM,10/11/2017 01::14::12 PM,5103
371,username371,car racer,easy,09/11/2017 04::23::43 PM,09/11/2017 09::22::52 PM,2591
372,username372,bike race,easy,10/11/2017 10::11::56 AM,10/11/2017 01::14::12 PM,7038
373,username373,farm heroes,easy,09/11/2017 04::23::43 PM,09/11/2017 09::22::52 PM,3305
374,username374,candy crush,easy,10/11/2017 10::11::56 AM,10/11/2017 01::14::12 PM,47
375,username375,wood block,medium,30/11/2017 02::12::34 PM,30/11/2017 06::54::56 PM,3518
376,username376,wood block,medium,10/11/2017 10::11::56 AM,10/11/2017 01::14::12 PM,302
377,username377,wood block,easy,09/11/2017 04::23::43 PM,09/11/2017 09::22::52 PM,1394
378,username378,subway surfers,easy,10/11/2017 10::11::56 AM,10/11/2017 01::14::12 PM,9002
379,username379,subway surfers,medium,09/11/2017 04::23::43 PM,09/11/2017 09::22::52 PM,3551
380,username380,farm fest,medium,10/11/2017 10::11::56 AM,10/11/2017 01::14::12 PM,735
381,username381,farm fest,medium,30/11/2017 02::12::34 PM,30/11/2017 06::54::56 PM,8609
382,username382,car racer,medium,10/11/2017 10::11::56 AM,10/11/2017 01::14::12 PM,4002
383,username383,temple run,easy,09/11/2017 04::23::43 PM,09/11/2017 09::22::52 PM,5287
384,username384,candy crush,easy,10/11/2017 10::11::56 AM,10/11/2017 01::14::12 PM,8211
385,username385,farm heroes,medium,12/11/2017 05::13::34 PM,12/11/2017 08::12::25 PM,9213
386,username386,farm heroes,easy,10/11/2017 10::11::56 AM,10/11/2017 01::14::12 PM,8327
387,username387,farm heroes,easy,30/11/2017 02::12::34 PM,30/11/2017 06::54::56 PM,7378
388,username388,cooking joy,easy,10/11/2017 10::11::56 AM,10/11/2017 01::14::12 PM,7897
389,username389,wood block,medium,09/11/2017 04::23::43 PM,09/11/2017 09::22::52 PM,6030
390,username390,car racer,easy,10/11/2017 10::11::56 AM,10/11/2017 01::14::12 PM,9896
391,username391,car racer,medium,09/11/2017 04::23::43 PM,09/11/2017 09::22::52 PM,748
392,username392,candy crush,medium,10/11/2017 10::11::56 AM,10/11/2017 01::14::12 PM,7578
393,username393,farm heroes,medium,30/11/2017 02::12::34 PM,30/11/2017 06::54::56 PM,4488
394,username394,cooking joy,medium,10/11/2017 10::11::56 AM,10/11/2017 01::14::12 PM,860
395,username395,cooking joy,easy,12/11/2017 05::13::34 PM,12/11/2017 08::12::25 PM,7365
396,username396,farm heroes,medium,10/11/2017 10::11::56 AM,10/11/2017 01::14::12 PM,5144
397,username397,wood block,medium,09/11/2017 04::23::43 PM,09/11/2017 09::22::52 PM,495
398,username398,candy crush,medium,10/11/2017 10::11::56 AM,10/11/2017 01::14::12 PM,4117
399,username399,subway surfers,easy,30/11/2017 02::12::34 PM,30/11/2017 06::54::56 PM,5881
400,username400,farm heroes,medium,10/11/2017 10::11::56 AM,10/11/2017 01::14::12 PM,274
401,username401,farm fest,easy,09/11/2017 04::23::43 PM,09/11/2017 09::22::52 PM,5829
402,username402,car racer,easy,10/11/2017 10::11::56 AM,10/11/2017 01::14::12 PM,5314
403,username403,farm fest,easy,09/11/2017 04::23::43 PM,09/11/2017 09::22::52 PM,1367
404,username404,subway surfers,easy,10/11/2017 10::11::56 AM,10/11/2017 01::14::12 PM,1219
405,username405,farm heroes,medium,30/11/2017 02::12::34 PM,30/11/2017 06::54::56 PM,7649
406,username406,wood block,easy,10/11/2017 10::11::56 AM,10/11/2017 01::14::12 PM,7423
407,username407,car racer,easy,09/11/2017 04::23::43 PM,09/11/2017 09::22::52 PM,1771
408,username408,bike race,easy,10/11/2017 10::11::56 AM,10/11/2017 01::14::12 PM,3800
409,username409,wood block,medium,09/11/2017 04::23::43 PM,09/11/2017 09::22::52 PM,3569
410,username410,farm heroes,easy,10/11/2017 10::11::56 AM,10/11/2017 01::14::12 PM,1560
411,username411,bike race,easy,30/11/2017 02::12::34 PM,30/11/2017 06::54::56 PM,3575
412,username412,candy crush,easy,10/11/2017 10::11::56 AM,10/11/2017 01::14::12 PM,3008
413,username413,car racer,medium,09/11/2017 04::23::43 PM,09/11/2017 09::22::52 PM,5295
414,username414,temple run,easy,10/11/2017 10::11::56 AM,10/11/2017 01::14::12 PM,8472
415,username415,temple run,easy,12/11/2017 05::13::34 PM,12/11/2017 08::12::25 PM,1387
416,username416,cooking joy,easy,10/11/2017 10::11::56 AM,10/11/2017 01::14::12 PM,5541
417,username417,farm heroes,easy,30/11/2017 02::12::34 PM,30/11/2017 06::54::56 PM,8342
418,username418,cooking joy,medium,10/11/2017 10::11::56 AM,10/11/2017 01::14::12 PM,7190
419,username419,farm fest,medium,09/11/2017 04::23::43 PM,09/11/2017 09::22::52 PM,6201
420,username420,farm heroes,medium,10/11/2017 10::11::56 AM,10/11/2017 01::14::12 PM,4080
421,username421,wood block,medium,09/11/2017 04::23::43 PM,09/11/2017 09::22::52 PM,3366
422,username422,cooking joy,medium,10/11/2017 10::11::56 AM,10/11/2017 01::14::12 PM,1492
423,username423,candy crush,medium,30/11/2017 02::12::34 PM,30/11/2017 06::54::56 PM,1171
424,username424,car racer,medium,10/11/2017 10::11::56 AM,10/11/2017 01::14::12 PM,5785
425,username425,farm fest,easy,12/11/2017 05::13::34 PM,12/11/2017 08::12::25 PM,3536
426,username426,car racer,easy,10/11/2017 10::11::56 AM,10/11/2017 01::14::12 PM,7849
427,username427,subway surfers,easy,09/11/2017 04::23::43 PM,09/11/2017 09::22::52 PM,825
428,username428,candy crush,easy,10/11/2017 10::11::56 AM,10/11/2017 01::14::12 PM,592
429,username429,subway surfers,medium,30/11/2017 02::12::34 PM,30/11/2017 06::54::56 PM,8518
430,username430,farm fest,medium,10/11/2017 10::11::56 AM,10/11/2017 01::14::12 PM,5995
431,username431,bike race,medium,09/11/2017 04::23::43 PM,09/11/2017 09::22::52 PM,4400
432,username432,subway surfers,easy,10/11/2017 10::11::56 AM,10/11/2017 01::14::12 PM,1198
433,username433,car racer,medium,09/11/2017 04::23::43 PM,09/11/2017 09::22::52 PM,7340
434,username434,wood block,easy,10/11/2017 10::11::56 AM,10/11/2017 01::14::12 PM,1479
435,username435,bike race,easy,30/11/2017 02::12::34 PM,30/11/2017 06::54::56 PM,8798
436,username436,farm heroes,medium,10/11/2017 10::11::56 AM,10/11/2017 01::14::12 PM,475
437,username437,temple run,medium,09/11/2017 04::23::43 PM,09/11/2017 09::22::52 PM,2039
438,username438,wood block,medium,10/11/2017 10::11::56 AM,10/11/2017 01::14::12 PM,8962
439,username439,candy crush,medium,09/11/2017 04::23::43 PM,09/11/2017 09::22::52 PM,4608
440,username440,farm fest,easy,10/11/2017 10::11::56 AM,10/11/2017 01::14::12 PM,2580
441,username441,subway surfers,medium,30/11/2017 02::12::34 PM,30/11/2017 06::54::56 PM,728
442,username442,wood block,medium,10/11/2017 10::11::56 AM,10/11/2017 01::14::12 PM,1495
443,username443,cooking joy,medium,09/11/2017 04::23::43 PM,09/11/2017 09::22::52 PM,5615
444,username444,wood block,medium,10/11/2017 10::11::56 AM,10/11/2017 01::14::12 PM,7596
445,username445,wood block,medium,12/11/2017 05::13::34 PM,12/11/2017 08::12::25 PM,932
446,username446,farm fest,medium,10/11/2017 10::11::56 AM,10/11/2017 01::14::12 PM,9664
447,username447,farm heroes,easy,30/11/2017 02::12::34 PM,30/11/2017 06::54::56 PM,9623
448,username448,candy crush,medium,10/11/2017 10::11::56 AM,10/11/2017 01::14::12 PM,2590
449,username449,cooking joy,easy,09/11/2017 04::23::43 PM,09/11/2017 09::22::52 PM,1812
450,username450,farm fest,easy,10/11/2017 10::11::56 AM,10/11/2017 01::14::12 PM,1017
451,username451,wood block,medium,09/11/2017 04::23::43 PM,09/11/2017 09::22::52 PM,5715
452,username452,bike race,easy,10/11/2017 10::11::56 AM,10/11/2017 01::14::12 PM,2973
453,username453,farm fest,medium,30/11/2017 02::12::34 PM,30/11/2017 06::54::56 PM,1522
454,username454,bike race,easy,10/11/2017 10::11::56 AM,10/11/2017 01::14::12 PM,4227
455,username455,wood block,medium,12/11/2017 05::13::34 PM,12/11/2017 08::12::25 PM,18
456,username456,wood block,medium,10/11/2017 10::11::56 AM,10/11/2017 01::14::12 PM,643
457,username457,farm heroes,medium,09/11/2017 04::23::43 PM,09/11/2017 09::22::52 PM,4476
458,username458,cooking joy,easy,10/11/2017 10::11::56 AM,10/11/2017 01::14::12 PM,9511
459,username459,temple run,medium,30/11/2017 02::12::34 PM,30/11/2017 06::54::56 PM,1536
460,username460,subway surfers,medium,10/11/2017 10::11::56 AM,10/11/2017 01::14::12 PM,318
461,username461,bike race,easy,09/11/2017 04::23::43 PM,09/11/2017 09::22::52 PM,2948
462,username462,bike race,medium,10/11/2017 10::11::56 AM,10/11/2017 01::14::12 PM,1133
463,username463,farm fest,medium,09/11/2017 04::23::43 PM,09/11/2017 09::22::52 PM,9877
464,username464,farm heroes,medium,10/11/2017 10::11::56 AM,10/11/2017 01::14::12 PM,3426
465,username465,candy crush,medium,30/11/2017 02::12::34 PM,30/11/2017 06::54::56 PM,193
466,username466,temple run,medium,10/11/2017 10::11::56 AM,10/11/2017 01::14::12 PM,4697
467,username467,farm heroes,easy,09/11/2017 04::23::43 PM,09/11/2017 09::22::52 PM,4085
468,username468,subway surfers,easy,10/11/2017 10::11::56 AM,10/11/2017 01::14::12 PM,2928
469,username469,farm fest,easy,09/11/2017 04::23::43 PM,09/11/2017 09::22::52 PM,4308
470,username470,car racer,medium,10/11/2017 10::11::56 AM,10/11/2017 01::14::12 PM,167
471,username471,cooking joy,easy,30/11/2017 02::12::34 PM,30/11/2017 06::54::56 PM,2914
472,username472,cooking joy,medium,10/11/2017 10::11::56 AM,10/11/2017 01::14::12 PM,370
473,username473,cooking joy,medium,09/11/2017 04::23::43 PM,09/11/2017 09::22::52 PM,6265
474,username474,temple run,easy,10/11/2017 10::11::56 AM,10/11/2017 01::14::12 PM,6178
475,username475,car racer,medium,12/11/2017 05::13::34 PM,12/11/2017 08::12::25 PM,1537
476,username476,candy crush,medium,10/11/2017 10::11::56 AM,10/11/2017 01::14::12 PM,3505
477,username477,farm fest,easy,30/11/2017 02::12::34 PM,30/11/2017 06::54::56 PM,4060
478,username478,cooking joy,easy,10/11/2017 10::11::56 AM,10/11/2017 01::14::12 PM,5809
479,username479,farm fest,medium,09/11/2017 04::23::43 PM,09/11/2017 09::22::52 PM,2978
480,username480,car racer,easy,10/11/2017 10::11::56 AM,10/11/2017 01::14::12 PM,4015
481,username481,temple run,easy,09/11/2017 04::23::43 PM,09/11/2017 09::22::52 PM,1579
482,username482,farm fest,easy,10/11/2017 10::11::56 AM,10/11/2017 01::14::12 PM,3105
483,username483,bike race,medium,30/11/2017 02::12::34 PM,30/11/2017 06::54::56 PM,7660
484,username484,temple run,medium,10/11/2017 10::11::56 AM,10/11/2017 01::14::12 PM,7631
485,username485,farm fest,easy,12/11/2017 05::13::34 PM,12/11/2017 08::12::25 PM,3608
486,username486,farm fest,easy,10/11/2017 10::11::56 AM,10/11/2017 01::14::12 PM,1719
487,username487,car racer,medium,09/11/2017 04::23::43 PM,09/11/2017 09::22::52 PM,4946
488,username488,subway surfers,easy,10/11/2017 10::11::56 AM,10/11/2017 01::14::12 PM,5495
489,username489,cooking joy,easy,30/11/2017 02::12::34 PM,30/11/2017 06::54::56 PM,2239
490,username490,bike race,easy,10/11/2017 10::11::56 AM,10/11/2017 01::14::12 PM,6197
491,username491,car racer,easy,09/11/2017 04::23::43 PM,09/11/2017 09::22::52 PM,3019
492,username492,bike race,medium,10/11/2017 10::11::56 AM,10/11/2017 01::14::12 PM,5533
493,username493,temple run,medium,09/11/2017 04::23::43 PM,09/11/2017 09::22::52 PM,8702
494,username494,farm fest,easy,10/11/2017 10::11::56 AM,10/11/2017 01::14::12 PM,5855
495,username495,subway surfers,medium,30/11/2017 02::12::34 PM,30/11/2017 06::54::56 PM,9916
496,username496,candy crush,medium,10/11/2017 10::11::56 AM,10/11/2017 01::14::12 PM,5333
497,username497,car racer,medium,09/11/2017 04::23::43 PM,09/11/2017 09::22::52 PM,4083
498,username498,car racer,medium,10/11/2017 10::11::56 AM,10/11/2017 01::14::12 PM,4644
499,username499,temple run,easy,09/11/2017 04::23::43 PM,09/11/2017 09::22::52 PM,9039
500,username500,wood block,easy,10/11/2017 10::11::56 AM,10/11/2017 01::14::12 PM,5309
501,username501,temple run,easy,30/11/2017 02::12::34 PM,30/11/2017 06::54::56 PM,2458
502,username502,bike race,easy,10/11/2017 10::11::56 AM,10/11/2017 01::14::12 PM,5794
503,username503,farm heroes,medium,09/11/2017 04::23::43 PM,09/11/2017 09::22::52 PM,7430
504,username504,cooking joy,easy,10/11/2017 10::11::56 AM,10/11/2017 01::14::12 PM,9391
505,username505,car racer,easy,12/11/2017 05::13::34 PM,12/11/2017 08::12::25 PM,7297
506,username506,farm fest,easy,10/11/2017 10::11::56 AM,10/11/2017 01::14::12 PM,807
507,username507,candy crush,easy,30/11/2017 02::12::34 PM,30/11/2017 06::54::56 PM,8075
508,username508,candy crush,medium,10/11/2017 10::11::56 AM,10/11/2017 01::14::12 PM,4073
509,username509,farm fest,easy,09/11/2017 04::23::43 PM,09/11/2017 09::22::52 PM,2403
510,username510,subway surfers,medium,10/11/2017 10::11::56 AM,10/11/2017 01::14::12 PM,1065
511,username511,car racer,medium,09/11/2017 04::23::43 PM,09/11/2017 09::22::52 PM,7262
512,username512,temple run,easy,10/11/2017 10::11::56 AM,10/11/2017 01::14::12 PM,9188
513,username513,subway surfers,easy,30/11/2017 02::12::34 PM,30/11/2017 06::54::56 PM,9848
514,username514,bike race,easy,10/11/2017 10::11::56 AM,10/11/2017 01::14::12 PM,229
515,username515,farm heroes,easy,12/11/2017 05::13::34 PM,12/11/2017 08::12::25 PM,1611
516,username516,bike race,easy,10/11/2017 10::11::56 AM,10/11/2017 01::14::12 PM,1369
517,username517,farm fest,medium,09/11/2017 04::23::43 PM,09/11/2017 09::22::52 PM,1001
518,username518,farm fest,easy,10/11/2017 10::11::56 AM,10/11/2017 01::14::12 PM,3735
519,username519,temple run,medium,30/11/2017 02::12::34 PM,30/11/2017 06::54::56 PM,3991
520,username520,candy crush,medium,10/11/2017 10::11::56 AM,10/11/2017 01::14::12 PM,4792
521,username521,temple run,medium,09/11/2017 04::23::43 PM,09/11/2017 09::22::52 PM,1512
522,username522,bike race,medium,10/11/2017 10::11::56 AM,10/11/2017 01::14::12 PM,1205
523,username523,subway surfers,easy,09/11/2017 04::23::43 PM,09/11/2017 09::22::52 PM,3661
524,username524,car racer,medium,10/11/2017 10::11::56 AM,10/11/2017 01::14::12 PM,1886
525,username525,subway surfers,easy,30/11/2017 02::12::34 PM,30/11/2017 06::54::56 PM,4585
526,username526,cooking joy,medium,10/11/2017 10::11::56 AM,10/11/2017 01::14::12 PM,84
527,username527,subway surfers,easy,09/11/2017 04::23::43 PM,09/11/2017 09::22::52 PM,9233
528,username528,farm heroes,easy,10/11/2017 10::11::56 AM,10/11/2017 01::14::12 PM,7256
529,username529,subway surfers,medium,09/11/2017 04::23::43 PM,09/11/2017 09::22::52 PM,8692
530,username530,bike race,easy,10/11/2017 10::11::56 AM,10/11/2017 01::14::12 PM,7148
531,username531,wood block,medium,30/11/2017 02::12::34 PM,30/11/2017 06::54::56 PM,7293
532,username532,temple run,medium,10/11/2017 10::11::56 AM,10/11/2017 01::14::12 PM,1776
533,username533,car racer,easy,09/11/2017 04::23::43 PM,09/11/2017 09::22::52 PM,9533
534,username534,car racer,medium,10/11/2017 10::11::56 AM,10/11/2017 01::14::12 PM,5032
535,username535,car racer,medium,12/11/2017 05::13::34 PM,12/11/2017 08::12::25 PM,9028
536,username536,subway surfers,medium,10/11/2017 10::11::56 AM,10/11/2017 01::14::12 PM,5953
537,username537,farm fest,medium,30/11/2017 02::12::34 PM,30/11/2017 06::54::56 PM,2127
538,username538,car racer,easy,10/11/2017 10::11::56 AM,10/11/2017 01::14::12 PM,6110
539,username539,temple run,medium,09/11/2017 04::23::43 PM,09/11/2017 09::22::52 PM,9026
540,username540,bike race,easy,10/11/2017 10::11::56 AM,10/11/2017 01::14::12 PM,4895
541,username541,temple run,medium,09/11/2017 04::23::43 PM,09/11/2017 09::22::52 PM,6895
542,username542,car racer,medium,10/11/2017 10::11::56 AM,10/11/2017 01::14::12 PM,6925
543,username543,cooking joy,medium,30/11/2017 02::12::34 PM,30/11/2017 06::54::56 PM,7343
544,username544,subway surfers,medium,10/11/2017 10::11::56 AM,10/11/2017 01::14::12 PM,4251
545,username545,bike race,easy,12/11/2017 05::13::34 PM,12/11/2017 08::12::25 PM,4889
546,username546,car racer,medium,10/11/2017 10::11::56 AM,10/11/2017 01::14::12 PM,5156
547,username547,farm fest,easy,09/11/2017 04::23::43 PM,09/11/2017 09::22::52 PM,8589
548,username548,subway surfers,medium,10/11/2017 10::11::56 AM,10/11/2017 01::14::12 PM,1985
549,username549,wood block,medium,30/11/2017 02::12::34 PM,30/11/2017 06::54::56 PM,7452
550,username550,farm heroes,medium,10/11/2017 10::11::56 AM,10/11/2017 01::14::12 PM,3510
551,username551,subway surfers,easy,09/11/2017 04::23::43 PM,09/11/2017 09::22::52 PM,1172
552,username552,temple run,easy,10/11/2017 10::11::56 AM,10/11/2017 01::14::12 PM,4787
553,username553,cooking joy,medium,09/11/2017 04::23::43 PM,09/11/2017 09::22::52 PM,6865
554,username554,candy crush,medium,10/11/2017 10::11::56 AM,10/11/2017 01::14::12 PM,2796
555,username555,car racer,easy,30/11/2017 02::12::34 PM,30/11/2017 06::54::56 PM,181
556,username556,car racer,medium,10/11/2017 10::11::56 AM,10/11/2017 01::14::12 PM,7182
557,username557,subway surfers,medium,09/11/2017 04::23::43 PM,09/11/2017 09::22::52 PM,8423
558,username558,wood block,medium,10/11/2017 10::11::56 AM,10/11/2017 01::14::12 PM,249
559,username559,farm heroes,medium,09/11/2017 04::23::43 PM,09/11/2017 09::22::52 PM,8081
560,username560,cooking joy,medium,10/11/2017 10::11::56 AM,10/11/2017 01::14::12 PM,3027
561,username561,wood block,easy,30/11/2017 02::12::34 PM,30/11/2017 06::54::56 PM,4066
562,username562,farm heroes,easy,10/11/2017 10::11::56 AM,10/11/2017 01::14::12 PM,407
563,username563,subway surfers,medium,09/11/2017 04::23::43 PM,09/11/2017 09::22::52 PM,6056
564,username564,car racer,medium,10/11/2017 10::11::56 AM,10/11/2017 01::14::12 PM,2296
565,username565,temple run,medium,12/11/2017 05::13::34 PM,12/11/2017 08::12::25 PM,713
566,username566,candy crush,medium,10/11/2017 10::11::56 AM,10/11/2017 01::14::12 PM,9693
567,username567,temple run,medium,30/11/2017 02::12::34 PM,30/11/2017 06::54::56 PM,3400
568,username568,bike race,easy,10/11/2017 10::11::56 AM,10/11/2017 01::14::12 PM,4990
569,username569,farm heroes,easy,09/11/2017 04::23::43 PM,09/11/2017 09::22::52 PM,6793
570,username570,farm fest,medium,10/11/2017 10::11::56 AM,10/11/2017 01::14::12 PM,3439
571,username571,cooking joy,medium,09/11/2017 04::23::43 PM,09/11/2017 09::22::52 PM,3733
572,username572,candy crush,easy,10/11/2017 10::11::56 AM,10/11/2017 01::14::12 PM,68
573,username573,temple run,medium,30/11/2017 02::12::34 PM,30/11/2017 06::54::56 PM,1675
574,username574,car racer,medium,10/11/2017 10::11::56 AM,10/11/2017 01::14::12 PM,5371
575,username575,farm fest,easy,12/11/2017 05::13::34 PM,12/11/2017 08::12::25 PM,1524
576,username576,farm heroes,medium,10/11/2017 10::11::56 AM,10/11/2017 01::14::12 PM,1856
577,username577,car racer,easy,09/11/2017 04::23::43 PM,09/11/2017 09::22::52 PM,9720
578,username578,candy crush,easy,10/11/2017 10::11::56 AM,10/11/2017 01::14::12 PM,5303
579,username579,farm fest,easy,30/11/2017 02::12::34 PM,30/11/2017 06::54::56 PM,4705
580,username580,subway surfers,medium,10/11/2017 10::11::56 AM,10/11/2017 01::14::12 PM,3056
581,username581,temple run,medium,09/11/2017 04::23::43 PM,09/11/2017 09::22::52 PM,2919
582,username582,bike race,medium,10/11/2017 10::11::56 AM,10/11/2017 01::14::12 PM,5563
583,username583,bike race,medium,09/11/2017 04::23::43 PM,09/11/2017 09::22::52 PM,4017
584,username584,car racer,medium,10/11/2017 10::11::56 AM,10/11/2017 01::14::12 PM,676
585,username585,cooking joy,easy,30/11/2017 02::12::34 PM,30/11/2017 06::54::56 PM,9487
586,username586,wood block,medium,10/11/2017 10::11::56 AM,10/11/2017 01::14::12 PM,1107
587,username587,candy crush,medium,09/11/2017 04::23::43 PM,09/11/2017 09::22::52 PM,4877
588,username588,wood block,medium,10/11/2017 10::11::56 AM,10/11/2017 01::14::12 PM,4906
589,username589,subway surfers,medium,09/11/2017 04::23::43 PM,09/11/2017 09::22::52 PM,5677
590,username590,wood block,medium,10/11/2017 10::11::56 AM,10/11/2017 01::14::12 PM,1447
591,username591,bike race,easy,30/11/2017 02::12::34 PM,30/11/2017 06::54::56 PM,6342
592,username592,candy crush,easy,10/11/2017 10::11::56 AM,10/11/2017 01::14::12 PM,6684
593,username593,farm fest,medium,09/11/2017 04::23::43 PM,09/11/2017 09::22::52 PM,1340
594,username594,farm fest,easy,10/11/2017 10::11::56 AM,10/11/2017 01::14::12 PM,4835
595,username595,wood block,easy,12/11/2017 05::13::34 PM,12/11/2017 08::12::25 PM,5406
596,username596,bike race,medium,10/11/2017 10::11::56 AM,10/11/2017 01::14::12 PM,5597
597,username597,wood block,easy,30/11/2017 02::12::34 PM,30/11/2017 06::54::56 PM,7645
598,username598,cooking joy,medium,10/11/2017 10::11::56 AM,10/11/2017 01::14::12 PM,414
599,username599,bike race,medium,09/11/2017 04::23::43 PM,09/11/2017 09::22::52 PM,5156
600,username600,farm heroes,easy,10/11/2017 10::11::56 AM,10/11/2017 01::14::12 PM,8556
601,username601,temple run,easy,09/11/2017 04::23::43 PM,09/11/2017 09::22::52 PM,5733
602,username602,car racer,medium,10/11/2017 10::11::56 AM,10/11/2017 01::14::12 PM,2239
603,username603,temple run,easy,30/11/2017 02::12::34 PM,30/11/2017 06::54::56 PM,6852
604,username604,candy crush,medium,10/11/2017 10::11::56 AM,10/11/2017 01::14::12 PM,1755
605,username605,farm fest,medium,12/11/2017 05::13::34 PM,12/11/2017 08::12::25 PM,5065
606,username606,subway surfers,medium,10/11/2017 10::11::56 AM,10/11/2017 01::14::12 PM,8802
607,username607,farm fest,medium,09/11/2017 04::23::43 PM,09/11/2017 09::22::52 PM,9096
608,username608,cooking joy,medium,10/11/2017 10::11::56 AM,10/11/2017 01::14::12 PM,3610
609,username609,farm fest,medium,30/11/2017 02::12::34 PM,30/11/2017 06::54::56 PM,8629
610,username610,bike race,easy,10/11/2017 10::11::56 AM,10/11/2017 01::14::12 PM,2526
611,username611,subway surfers,easy,09/11/2017 04::23::43 PM,09/11/2017 09::22::52 PM,9852
612,username612,subway surfers,easy,10/11/2017 10::11::56 AM,10/11/2017 01::14::12 PM,7298
613,username613,farm fest,medium,09/11/2017 04::23::43 PM,09/11/2017 09::22::52 PM,2137
614,username614,bike race,medium,10/11/2017 10::11::56 AM,10/11/2017 01::14::12 PM,9025
615,username615,wood block,medium,30/11/2017 02::12::34 PM,30/11/2017 06::54::56 PM,7992
616,username616,temple run,easy,10/11/2017 10::11::56 AM,10/11/2017 01::14::12 PM,5178
617,username617,car racer,medium,09/11/2017 04::23::43 PM,09/11/2017 09::22::52 PM,5516
618,username618,farm fest,medium,10/11/2017 10::11::56 AM,10/11/2017 01::14::12 PM,4936
619,username619,subway surfers,medium,09/11/2017 04::23::43 PM,09/11/2017 09::22::52 PM,1670
620,username620,wood block,easy,10/11/2017 10::11::56 AM,10/11/2017 01::14::12 PM,8572
621,username621,candy crush,easy,30/11/2017 02::12::34 PM,30/11/2017 06::54::56 PM,6533
622,username622,cooking joy,medium,10/11/2017 10::11::56 AM,10/11/2017 01::14::12 PM,3872
623,username623,wood block,easy,09/11/2017 04::23::43 PM,09/11/2017 09::22::52 PM,8287
624,username624,car racer,medium,10/11/2017 10::11::56 AM,10/11/2017 01::14::12 PM,9390
625,username625,car racer,medium,12/11/2017 05::13::34 PM,12/11/2017 08::12::25 PM,8816
626,username626,candy crush,easy,10/11/2017 10::11::56 AM,10/11/2017 01::14::12 PM,1536
627,username627,car racer,easy,30/11/2017 02::12::34 PM,30/11/2017 06::54::56 PM,124
628,username628,bike race,easy,10/11/2017 10::11::56 AM,10/11/2017 01::14::12 PM,1695
629,username629,subway surfers,easy,09/11/2017 04::23::43 PM,09/11/2017 09::22::52 PM,4987
630,username630,bike race,medium,10/11/2017 10::11::56 AM,10/11/2017 01::14::12 PM,5857
631,username631,farm heroes,medium,09/11/2017 04::23::43 PM,09/11/2017 09::22::52 PM,6346
632,username632,farm heroes,medium,10/11/2017 10::11::56 AM,10/11/2017 01::14::12 PM,3247
633,username633,car racer,easy,30/11/2017 02::12::34 PM,30/11/2017 06::54::56 PM,1535
634,username634,farm fest,easy,10/11/2017 10::11::56 AM,10/11/2017 01::14::12 PM,4909
635,username635,farm heroes,medium,12/11/2017 05::13::34 PM,12/11/2017 08::12::25 PM,4417
636,username636,candy crush,easy,10/11/2017 10::11::56 AM,10/11/2017 01::14::12 PM,8072
637,username637,subway surfers,medium,09/11/2017 04::23::43 PM,09/11/2017 09::22::52 PM,6518
638,username638,bike race,easy,10/11/2017 10::11::56 AM,10/11/2017 01::14::12 PM,1704
639,username639,subway surfers,medium,30/11/2017 02::12::34 PM,30/11/2017 06::54::56 PM,6055
640,username640,wood block,easy,10/11/2017 10::11::56 AM,10/11/2017 01::14::12 PM,211
641,username641,farm fest,easy,09/11/2017 04::23::43 PM,09/11/2017 09::22::52 PM,6554
642,username642,car racer,easy,10/11/2017 10::11::56 AM,10/11/2017 01::14::12 PM,9036
643,username643,farm heroes,medium,09/11/2017 04::23::43 PM,09/11/2017 09::22::52 PM,6430
644,username644,candy crush,easy,10/11/2017 10::11::56 AM,10/11/2017 01::14::12 PM,7003
645,username645,farm fest,easy,30/11/2017 02::12::34 PM,30/11/2017 06::54::56 PM,2901
646,username646,wood block,easy,10/11/2017 10::11::56 AM,10/11/2017 01::14::12 PM,1476
647,username647,car racer,easy,09/11/2017 04::23::43 PM,09/11/2017 09::22::52 PM,2853
648,username648,farm fest,easy,10/11/2017 10::11::56 AM,10/11/2017 01::14::12 PM,3564
649,username649,cooking joy,medium,09/11/2017 04::23::43 PM,09/11/2017 09::22::52 PM,977
650,username650,farm fest,easy,10/11/2017 10::11::56 AM,10/11/2017 01::14::12 PM,3416
651,username651,candy crush,easy,30/11/2017 02::12::34 PM,30/11/2017 06::54::56 PM,5934
652,username652,wood block,medium,10/11/2017 10::11::56 AM,10/11/2017 01::14::12 PM,1902
653,username653,car racer,medium,09/11/2017 04::23::43 PM,09/11/2017 09::22::52 PM,6462
654,username654,cooking joy,easy,10/11/2017 10::11::56 AM,10/11/2017 01::14::12 PM,8490
655,username655,candy crush,easy,12/11/2017 05::13::34 PM,12/11/2017 08::12::25 PM,2993
656,username656,farm heroes,easy,10/11/2017 10::11::56 AM,10/11/2017 01::14::12 PM,1537
657,username657,subway surfers,easy,30/11/2017 02::12::34 PM,30/11/2017 06::54::56 PM,8392
658,username658,candy crush,easy,10/11/2017 10::11::56 AM,10/11/2017 01::14::12 PM,4420
659,username659,farm heroes,easy,09/11/2017 04::23::43 PM,09/11/2017 09::22::52 PM,9060
660,username660,wood block,easy,10/11/2017 10::11::56 AM,10/11/2017 01::14::12 PM,8987
661,username661,bike race,easy,09/11/2017 04::23::43 PM,09/11/2017 09::22::52 PM,4191
662,username662,subway surfers,medium,10/11/2017 10::11::56 AM,10/11/2017 01::14::12 PM,9930
663,username663,temple run,medium,30/11/2017 02::12::34 PM,30/11/2017 06::54::56 PM,4388
664,username664,wood block,medium,10/11/2017 10::11::56 AM,10/11/2017 01::14::12 PM,1582
665,username665,farm heroes,medium,12/11/2017 05::13::34 PM,12/11/2017 08::12::25 PM,8807
666,username666,car racer,easy,10/11/2017 10::11::56 AM,10/11/2017 01::14::12 PM,4032
667,username667,temple run,easy,09/11/2017 04::23::43 PM,09/11/2017 09::22::52 PM,1186
668,username668,candy crush,medium,10/11/2017 10::11::56 AM,10/11/2017 01::14::12 PM,4292
669,username669,subway surfers,medium,30/11/2017 02::12::34 PM,30/11/2017 06::54::56 PM,4549
670,username670,bike race,easy,10/11/2017 10::11::56 AM,10/11/2017 01::14::12 PM,9086
671,username671,temple run,easy,09/11/2017 04::23::43 PM,09/11/2017 09::22::52 PM,3972
672,username672,temple run,medium,10/11/2017 10::11::56 AM,10/11/2017 01::14::12 PM,4277
673,username673,bike race,easy,09/11/2017 04::23::43 PM,09/11/2017 09::22::52 PM,6313
674,username674,cooking joy,easy,10/11/2017 10::11::56 AM,10/11/2017 01::14::12 PM,4456
675,username675,candy crush,easy,30/11/2017 02::12::34 PM,30/11/2017 06::54::56 PM,3112
676,username676,farm heroes,medium,10/11/2017 10::11::56 AM,10/11/2017 01::14::12 PM,6543
677,username677,cooking joy,easy,09/11/2017 04::23::43 PM,09/11/2017 09::22::52 PM,9087
678,username678,car racer,easy,10/11/2017 10::11::56 AM,10/11/2017 01::14::12 PM,8283
679,username679,car racer,easy,09/11/2017 04::23::43 PM,09/11/2017 09::22::52 PM,5908
680,username680,farm fest,easy,10/11/2017 10::11::56 AM,10/11/2017 01::14::12 PM,134
681,username681,cooking joy,easy,30/11/2017 02::12::34 PM,30/11/2017 06::54::56 PM,8313
682,username682,temple run,easy,10/11/2017 10::11::56 AM,10/11/2017 01::14::12 PM,7570
683,username683,cooking joy,medium,09/11/2017 04::23::43 PM,09/11/2017 09::22::52 PM,3113
684,username684,cooking joy,easy,10/11/2017 10::11::56 AM,10/11/2017 01::14::12 PM,9808
685,username685,subway surfers,easy,12/11/2017 05::13::34 PM,12/11/2017 08::12::25 PM,5264
686,username686,cooking joy,easy,10/11/2017 10::11::56 AM,10/11/2017 01::14::12 PM,6980
687,username687,car racer,medium,30/11/2017 02::12::34 PM,30/11/2017 06::54::56 PM,5431
688,username688,temple run,easy,10/11/2017 10::11::56 AM,10/11/2017 01::14::12 PM,5057
689,username689,temple run,medium,09/11/2017 04::23::43 PM,09/11/2017 09::22::52 PM,7341
690,username690,temple run,easy,10/11/2017 10::11::56 AM,10/11/2017 01::14::12 PM,946
691,username691,bike race,medium,09/11/2017 04::23::43 PM,09/11/2017 09::22::52 PM,7050
692,username692,temple run,easy,10/11/2017 10::11::56 AM,10/11/2017 01::14::12 PM,917
693,username693,car racer,easy,30/11/2017 02::12::34 PM,30/11/2017 06::54::56 PM,9507
694,username694,cooking joy,easy,10/11/2017 10::11::56 AM,10/11/2017 01::14::12 PM,2005
695,username695,candy crush,easy,12/11/2017 05::13::34 PM,12/11/2017 08::12::25 PM,4414
696,username696,farm heroes,medium,10/11/2017 10::11::56 AM,10/11/2017 01::14::12 PM,2325
697,username697,cooking joy,medium,09/11/2017 04::23::43 PM,09/11/2017 09::22::52 PM,7133
698,username698,subway surfers,easy,10/11/2017 10::11::56 AM,10/11/2017 01::14::12 PM,7007
699,username699,farm fest,medium,30/11/2017 02::12::34 PM,30/11/2017 06::54::56 PM,4283
700,username700,subway surfers,easy,10/11/2017 10::11::56 AM,10/11/2017 01::14::12 PM,2374
701,username701,bike race,medium,09/11/2017 04::23::43 PM,09/11/2017 09::22::52 PM,642
702,username702,bike race,medium,10/11/2017 10::11::56 AM,10/11/2017 01::14::12 PM,6675
703,username703,wood block,easy,09/11/2017 04::23::43 PM,09/11/2017 09::22::52 PM,7045
704,username704,car racer,medium,10/11/2017 10::11::56 AM,10/11/2017 01::14::12 PM,877
705,username705,candy crush,medium,30/11/2017 02::12::34 PM,30/11/2017 06::54::56 PM,8685
706,username706,farm heroes,easy,10/11/2017 10::11::56 AM,10/11/2017 01::14::12 PM,9002
707,username707,temple run,easy,09/11/2017 04::23::43 PM,09/11/2017 09::22::52 PM,8646
708,username708,subway surfers,easy,10/11/2017 10::11::56 AM,10/11/2017 01::14::12 PM,1943
709,username709,car racer,medium,09/11/2017 04::23::43 PM,09/11/2017 09::22::52 PM,3390
710,username710,temple run,medium,10/11/2017 10::11::56 AM,10/11/2017 01::14::12 PM,2457
711,username711,farm fest,easy,30/11/2017 02::12::34 PM,30/11/2017 06::54::56 PM,7192
712,username712,bike race,medium,10/11/2017 10::11::56 AM,10/11/2017 01::14::12 PM,1137
713,username713,car racer,easy,09/11/2017 04::23::43 PM,09/11/2017 09::22::52 PM,9531
714,username714,candy crush,medium,10/11/2017 10::11::56 AM,10/11/2017 01::14::12 PM,6746
715,username715,candy crush,medium,12/11/2017 05::13::34 PM,12/11/2017 08::12::25 PM,1133
716,username716,farm fest,easy,10/11/2017 10::11::56 AM,10/11/2017 01::14::12 PM,5206
717,username717,cooking joy,easy,30/11/2017 02::12::34 PM,30/11/2017 06::54::56 PM,9588
718,username718,subway surfers,medium,10/11/2017 10::11::56 AM,10/11/2017 01::14::12 PM,934
719,username719,candy crush,easy,09/11/2017 04::23::43 PM,09/11/2017 09::22::52 PM,3214
720,username720,farm fest,medium,10/11/2017 10::11::56 AM,10/11/2017 01::14::12 PM,914
721,username721,temple run,medium,09/11/2017 04::23::43 PM,09/11/2017 09::22::52 PM,446
722,username722,bike race,easy,10/11/2017 10::11::56 AM,10/11/2017 01::14::12 PM,6498
723,username723,car racer,easy,30/11/2017 02::12::34 PM,30/11/2017 06::54::56 PM,4358
724,username724,candy crush,medium,10/11/2017 10::11::56 AM,10/11/2017 01::14::12 PM,7208
725,username725,wood block,medium,12/11/2017 05::13::34 PM,12/11/2017 08::12::25 PM,1211
726,username726,bike race,easy,10/11/2017 10::11::56 AM,10/11/2017 01::14::12 PM,5148
727,username727,temple run,medium,09/11/2017 04::23::43 PM,09/11/2017 09::22::52 PM,1026
728,username728,farm fest,easy,10/11/2017 10::11::56 AM,10/11/2017 01::14::12 PM,4752
729,username729,car racer,medium,30/11/2017 02::12::34 PM,30/11/2017 06::54::56 PM,8141
730,username730,temple run,medium,10/11/2017 10::11::56 AM,10/11/2017 01::14::12 PM,3042
731,username731,farm heroes,medium,09/11/2017 04::23::43 PM,09/11/2017 09::22::52 PM,8123
732,username732,candy crush,medium,10/11/2017 10::11::56 AM,10/11/2017 01::14::12 PM,3805
733,username733,car racer,easy,09/11/2017 04::23::43 PM,09/11/2017 09::22::52 PM,4124
734,username734,candy crush,medium,10/11/2017 10::11::56 AM,10/11/2017 01::14::12 PM,7867
735,username735,car racer,medium,30/11/2017 02::12::34 PM,30/11/2017 06::54::56 PM,2295
736,username736,cooking joy,medium,10/11/2017 10::11::56 AM,10/11/2017 01::14::12 PM,750
737,username737,car racer,medium,09/11/2017 04::23::43 PM,09/11/2017 09::22::52 PM,344
738,username738,farm fest,medium,10/11/2017 10::11::56 AM,10/11/2017 01::14::12 PM,7808
739,username739,bike race,easy,09/11/2017 04::23::43 PM,09/11/2017 09::22::52 PM,701
740,username740,farm fest,easy,10/11/2017 10::11::56 AM,10/11/2017 01::14::12 PM,2530
741,username741,candy crush,medium,30/11/2017 02::12::34 PM,30/11/2017 06::54::56 PM,4797
742,username742,farm heroes,medium,10/11/2017 10::11::56 AM,10/11/2017 01::14::12 PM,7
743,username743,wood block,medium,09/11/2017 04::23::43 PM,09/11/2017 09::22::52 PM,1559
744,username744,farm heroes,medium,10/11/2017 10::11::56 AM,10/11/2017 01::14::12 PM,9131
745,username745,temple run,medium,12/11/2017 05::13::34 PM,12/11/2017 08::12::25 PM,936
746,username746,wood block,medium,10/11/2017 10::11::56 AM,10/11/2017 01::14::12 PM,4941
747,username747,wood block,easy,30/11/2017 02::12::34 PM,30/11/2017 06::54::56 PM,1593
748,username748,farm fest,easy,10/11/2017 10::11::56 AM,10/11/2017 01::14::12 PM,6652
749,username749,farm fest,easy,09/11/2017 04::23::43 PM,09/11/2017 09::22::52 PM,3924
750,username750,bike race,medium,10/11/2017 10::11::56 AM,10/11/2017 01::14::12 PM,5304
751,username751,bike race,medium,09/11/2017 04::23::43 PM,09/11/2017 09::22::52 PM,4008
752,username752,farm heroes,medium,10/11/2017 10::11::56 AM,10/11/2017 01::14::12 PM,6804
753,username753,subway surfers,medium,30/11/2017 02::12::34 PM,30/11/2017 06::54::56 PM,7484
754,username754,car racer,medium,10/11/2017 10::11::56 AM,10/11/2017 01::14::12 PM,7397
755,username755,candy crush,medium,12/11/2017 05::13::34 PM,12/11/2017 08::12::25 PM,8669
756,username756,farm fest,easy,10/11/2017 10::11::56 AM,10/11/2017 01::14::12 PM,4670
757,username757,wood block,easy,09/11/2017 04::23::43 PM,09/11/2017 09::22::52 PM,1064
758,username758,wood block,easy,10/11/2017 10::11::56 AM,10/11/2017 01::14::12 PM,7356
759,username759,cooking joy,medium,30/11/2017 02::12::34 PM,30/11/2017 06::54::56 PM,4472
760,username760,farm heroes,easy,10/11/2017 10::11::56 AM,10/11/2017 01::14::12 PM,1860
761,username761,bike race,easy,09/11/2017 04::23::43 PM,09/11/2017 09::22::52 PM,1664
762,username762,temple run,easy,10/11/2017 10::11::56 AM,10/11/2017 01::14::12 PM,7551
763,username763,wood block,medium,09/11/2017 04::23::43 PM,09/11/2017 09::22::52 PM,5631
764,username764,temple run,medium,10/11/2017 10::11::56 AM,10/11/2017 01::14::12 PM,770
765,username765,cooking joy,easy,30/11/2017 02::12::34 PM,30/11/2017 06::54::56 PM,3029
766,username766,car racer,medium,10/11/2017 10::11::56 AM,10/11/2017 01::14::12 PM,2429
767,username767,wood block,medium,09/11/2017 04::23::43 PM,09/11/2017 09::22::52 PM,7944
768,username768,bike race,medium,10/11/2017 10::11::56 AM,10/11/2017 01::14::12 PM,1226
769,username769,bike race,easy,09/11/2017 04::23::43 PM,09/11/2017 09::22::52 PM,4641
770,username770,farm fest,medium,10/11/2017 10::11::56 AM,10/11/2017 01::14::12 PM,1370
771,username771,candy crush,easy,30/11/2017 02::12::34 PM,30/11/2017 06::54::56 PM,4752
772,username772,subway surfers,easy,10/11/2017 10::11::56 AM,10/11/2017 01::14::12 PM,9646
773,username773,bike race,medium,09/11/2017 04::23::43 PM,09/11/2017 09::22::52 PM,5781
774,username774,cooking joy,easy,10/11/2017 10::11::56 AM,10/11/2017 01::14::12 PM,5809
775,username775,subway surfers,easy,12/11/2017 05::13::34 PM,12/11/2017 08::12::25 PM,2686
776,username776,farm heroes,medium,10/11/2017 10::11::56 AM,10/11/2017 01::14::12 PM,3798
777,username777,candy crush,easy,30/11/2017 02::12::34 PM,30/11/2017 06::54::56 PM,4475
778,username778,cooking joy,medium,10/11/2017 10::11::56 AM,10/11/2017 01::14::12 PM,2003
779,username779,candy crush,easy,09/11/2017 04::23::43 PM,09/11/2017 09::22::52 PM,4760
780,username780,farm heroes,medium,10/11/2017 10::11::56 AM,10/11/2017 01::14::12 PM,1785
781,username781,candy crush,easy,09/11/2017 04::23::43 PM,09/11/2017 09::22::52 PM,5074
782,username782,bike race,easy,10/11/2017 10::11::56 AM,10/11/2017 01::14::12 PM,1120
783,username783,wood block,medium,30/11/2017 02::12::34 PM,30/11/2017 06::54::56 PM,8613
784,username784,subway surfers,easy,10/11/2017 10::11::56 AM,10/11/2017 01::14::12 PM,46
785,username785,temple run,easy,12/11/2017 05::13::34 PM,12/11/2017 08::12::25 PM,1057
786,username786,bike race,medium,10/11/2017 10::11::56 AM,10/11/2017 01::14::12 PM,7543
787,username787,bike race,medium,09/11/2017 04::23::43 PM,09/11/2017 09::22::52 PM,4617
788,username788,wood block,medium,10/11/2017 10::11::56 AM,10/11/2017 01::14::12 PM,2576
789,username789,cooking joy,easy,30/11/2017 02::12::34 PM,30/11/2017 06::54::56 PM,4997
790,username790,farm heroes,medium,10/11/2017 10::11::56 AM,10/11/2017 01::14::12 PM,805
791,username791,temple run,easy,09/11/2017 04::23::43 PM,09/11/2017 09::22::52 PM,6232
792,username792,car racer,medium,10/11/2017 10::11::56 AM,10/11/2017 01::14::12 PM,7533
793,username793,temple run,easy,09/11/2017 04::23::43 PM,09/11/2017 09::22::52 PM,6011
794,username794,wood block,medium,10/11/2017 10::11::56 AM,10/11/2017 01::14::12 PM,8916
795,username795,cooking joy,easy,30/11/2017 02::12::34 PM,30/11/2017 06::54::56 PM,746
796,username796,farm fest,easy,10/11/2017 10::11::56 AM,10/11/2017 01::14::12 PM,639
797,username797,subway surfers,medium,09/11/2017 04::23::43 PM,09/11/2017 09::22::52 PM,5931
798,username798,wood block,medium,10/11/2017 10::11::56 AM,10/11/2017 01::14::12 PM,1973
799,username799,farm heroes,easy,09/11/2017 04::23::43 PM,09/11/2017 09::22::52 PM,4946
800,username800,wood block,medium,10/11/2017 10::11::56 AM,10/11/2017 01::14::12 PM,9836
801,username801,cooking joy,medium,30/11/2017 02::12::34 PM,30/11/2017 06::54::56 PM,245
802,username802,candy crush,medium,10/11/2017 10::11::56 AM,10/11/2017 01::14::12 PM,7138
803,username803,subway surfers,medium,09/11/2017 04::23::43 PM,09/11/2017 09::22::52 PM,7997
804,username804,cooking joy,medium,10/11/2017 10::11::56 AM,10/11/2017 01::14::12 PM,7433
805,username805,subway surfers,medium,12/11/2017 05::13::34 PM,12/11/2017 08::12::25 PM,4224
806,username806,cooking joy,easy,10/11/2017 10::11::56 AM,10/11/2017 01::14::12 PM,4979
807,username807,cooking joy,medium,30/11/2017 02::12::34 PM,30/11/2017 06::54::56 PM,3996
808,username808,bike race,medium,10/11/2017 10::11::56 AM,10/11/2017 01::14::12 PM,4198
809,username809,subway surfers,medium,09/11/2017 04::23::43 PM,09/11/2017 09::22::52 PM,675
810,username810,cooking joy,medium,10/11/2017 10::11::56 AM,10/11/2017 01::14::12 PM,4717
811,username811,candy crush,medium,09/11/2017 04::23::43 PM,09/11/2017 09::22::52 PM,3335
812,username812,farm fest,easy,10/11/2017 10::11::56 AM,10/11/2017 01::14::12 PM,1608
813,username813,candy crush,easy,30/11/2017 02::12::34 PM,30/11/2017 06::54::56 PM,5101
814,username814,temple run,medium,10/11/2017 10::11::56 AM,10/11/2017 01::14::12 PM,2458
815,username815,candy crush,easy,12/11/2017 05::13::34 PM,12/11/2017 08::12::25 PM,4701
816,username816,wood block,easy,10/11/2017 10::11::56 AM,10/11/2017 01::14::12 PM,664
817,username817,farm heroes,medium,09/11/2017 04::23::43 PM,09/11/2017 09::22::52 PM,9785
818,username818,candy crush,medium,10/11/2017 10::11::56 AM,10/11/2017 01::14::12 PM,3687
819,username819,car racer,medium,30/11/2017 02::12::34 PM,30/11/2017 06::54::56 PM,5846
820,username820,temple run,easy,10/11/2017 10::11::56 AM,10/11/2017 01::14::12 PM,7607
821,username821,candy crush,easy,09/11/2017 04::23::43 PM,09/11/2017 09::22::52 PM,8019
822,username822,wood block,medium,10/11/2017 10::11::56 AM,10/11/2017 01::14::12 PM,4099
823,username823,wood block,medium,09/11/2017 04::23::43 PM,09/11/2017 09::22::52 PM,9015
824,username824,car racer,easy,10/11/2017 10::11::56 AM,10/11/2017 01::14::12 PM,2636
825,username825,car racer,easy,30/11/2017 02::12::34 PM,30/11/2017 06::54::56 PM,7335
826,username826,subway surfers,medium,10/11/2017 10::11::56 AM,10/11/2017 01::14::12 PM,2644
827,username827,car racer,medium,09/11/2017 04::23::43 PM,09/11/2017 09::22::52 PM,7215
828,username828,farm fest,medium,10/11/2017 10::11::56 AM,10/11/2017 01::14::12 PM,8772
829,username829,temple run,medium,09/11/2017 04::23::43 PM,09/11/2017 09::22::52 PM,9753
830,username830,subway surfers,medium,10/11/2017 10::11::56 AM,10/11/2017 01::14::12 PM,7174
831,username831,car racer,medium,30/11/2017 02::12::34 PM,30/11/2017 06::54::56 PM,6683
832,username832,farm fest,medium,10/11/2017 10::11::56 AM,10/11/2017 01::14::12 PM,5620
833,username833,temple run,easy,09/11/2017 04::23::43 PM,09/11/2017 09::22::52 PM,2624
834,username834,bike race,easy,10/11/2017 10::11::56 AM,10/11/2017 01::14::12 PM,7224
835,username835,cooking joy,medium,12/11/2017 05::13::34 PM,12/11/2017 08::12::25 PM,3319
836,username836,farm fest,medium,10/11/2017 10::11::56 AM,10/11/2017 01::14::12 PM,690
837,username837,wood block,easy,30/11/2017 02::12::34 PM,30/11/2017 06::54::56 PM,5063
838,username838,farm heroes,medium,10/11/2017 10::11::56 AM,10/11/2017 01::14::12 PM,4755
839,username839,wood block,medium,09/11/2017 04::23::43 PM,09/11/2017 09::22::52 PM,1484
840,username840,farm heroes,medium,10/11/2017 10::11::56 AM,10/11/2017 01::14::12 PM,7470
841,username841,temple run,easy,09/11/2017 04::23::43 PM,09/11/2017 09::22::52 PM,8197
842,username842,car racer,easy,10/11/2017 10::11::56 AM,10/11/2017 01::14::12 PM,2772
843,username843,wood block,easy,30/11/2017 02::12::34 PM,30/11/2017 06::54::56 PM,23
844,username844,bike race,easy,10/11/2017 10::11::56 AM,10/11/2017 01::14::12 PM,576
845,username845,temple run,easy,12/11/2017 05::13::34 PM,12/11/2017 08::12::25 PM,7752
846,username846,candy crush,easy,10/11/2017 10::11::56 AM,10/11/2017 01::14::12 PM,2666
847,username847,subway surfers,easy,09/11/2017 04::23::43 PM,09/11/2017 09::22::52 PM,6221
848,username848,farm fest,medium,10/11/2017 10::11::56 AM,10/11/2017 01::14::12 PM,9670
849,username849,subway surfers,medium,30/11/2017 02::12::34 PM,30/11/2017 06::54::56 PM,1840
850,username850,farm heroes,medium,10/11/2017 10::11::56 AM,10/11/2017 01::14::12 PM,4348
851,username851,farm heroes,easy,09/11/2017 04::23::43 PM,09/11/2017 09::22::52 PM,4621
852,username852,bike race,medium,10/11/2017 10::11::56 AM,10/11/2017 01::14::12 PM,3365
853,username853,car racer,easy,09/11/2017 04::23::43 PM,09/11/2017 09::22::52 PM,6359
854,username854,farm heroes,medium,10/11/2017 10::11::56 AM,10/11/2017 01::14::12 PM,2535
855,username855,subway surfers,easy,30/11/2017 02::12::34 PM,30/11/2017 06::54::56 PM,6181
856,username856,wood block,easy,10/11/2017 10::11::56 AM,10/11/2017 01::14::12 PM,5071
857,username857,bike race,medium,09/11/2017 04::23::43 PM,09/11/2017 09::22::52 PM,3102
858,username858,car racer,easy,10/11/2017 10::11::56 AM,10/11/2017 01::14::12 PM,7899
859,username859,candy crush,medium,09/11/2017 04::23::43 PM,09/11/2017 09::22::52 PM,8681
860,username860,subway surfers,easy,10/11/2017 10::11::56 AM,10/11/2017 01::14::12 PM,4649
861,username861,wood block,easy,30/11/2017 02::12::34 PM,30/11/2017 06::54::56 PM,8559
862,username862,subway surfers,medium,10/11/2017 10::11::56 AM,10/11/2017 01::14::12 PM,1755
863,username863,farm fest,easy,09/11/2017 04::23::43 PM,09/11/2017 09::22::52 PM,1829
864,username864,farm heroes,medium,10/11/2017 10::11::56 AM,10/11/2017 01::14::12 PM,3133
865,username865,subway surfers,medium,12/11/2017 05::13::34 PM,12/11/2017 08::12::25 PM,3392
866,username866,bike race,easy,10/11/2017 10::11::56 AM,10/11/2017 01::14::12 PM,7260
867,username867,farm fest,easy,30/11/2017 02::12::34 PM,30/11/2017 06::54::56 PM,8291
868,username868,farm heroes,easy,10/11/2017 10::11::56 AM,10/11/2017 01::14::12 PM,4803
869,username869,bike race,medium,09/11/2017 04::23::43 PM,09/11/2017 09::22::52 PM,6671
870,username870,wood block,medium,10/11/2017 10::11::56 AM,10/11/2017 01::14::12 PM,1886
871,username871,candy crush,easy,09/11/2017 04::23::43 PM,09/11/2017 09::22::52 PM,3469
872,username872,candy crush,medium,10/11/2017 10::11::56 AM,10/11/2017 01::14::12 PM,8978
873,username873,car racer,easy,30/11/2017 02::12::34 PM,30/11/2017 06::54::56 PM,4971
874,username874,bike race,medium,10/11/2017 10::11::56 AM,10/11/2017 01::14::12 PM,4618
875,username875,subway surfers,medium,12/11/2017 05::13::34 PM,12/11/2017 08::12::25 PM,3887
876,username876,candy crush,medium,10/11/2017 10::11::56 AM,10/11/2017 01::14::12 PM,7509
877,username877,farm fest,medium,09/11/2017 04::23::43 PM,09/11/2017 09::22::52 PM,3361
878,username878,candy crush,easy,10/11/2017 10::11::56 AM,10/11/2017 01::14::12 PM,4854
879,username879,car racer,easy,30/11/2017 02::12::34 PM,30/11/2017 06::54::56 PM,3472
880,username880,subway surfers,medium,10/11/2017 10::11::56 AM,10/11/2017 01::14::12 PM,7539
881,username881,bike race,medium,09/11/2017 04::23::43 PM,09/11/2017 09::22::52 PM,3836
882,username882,cooking joy,easy,10/11/2017 10::11::56 AM,10/11/2017 01::14::12 PM,7343
883,username883,cooking joy,medium,09/11/2017 04::23::43 PM,09/11/2017 09::22::52 PM,3969
884,username884,bike race,medium,10/11/2017 10::11::56 AM,10/11/2017 01::14::12 PM,9468
885,username885,subway surfers,medium,30/11/2017 02::12::34 PM,30/11/2017 06::54::56 PM,1822
886,username886,wood block,medium,10/11/2017 10::11::56 AM,10/11/2017 01::14::12 PM,1370
887,username887,temple run,easy,09/11/2017 04::23::43 PM,09/11/2017 09::22::52 PM,5565
888,username888,bike race,medium,10/11/2017 10::11::56 AM,10/11/2017 01::14::12 PM,8765
889,username889,car racer,medium,09/11/2017 04::23::43 PM,09/11/2017 09::22::52 PM,4661
890,username890,subway surfers,medium,10/11/2017 10::11::56 AM,10/11/2017 01::14::12 PM,1426
891,username891,subway surfers,medium,30/11/2017 02::12::34 PM,30/11/2017 06::54::56 PM,5051
892,username892,wood block,medium,10/11/2017 10::11::56 AM,10/11/2017 01::14::12 PM,6317
893,username893,candy crush,medium,09/11/2017 04::23::43 PM,09/11/2017 09::22::52 PM,8311
894,username894,wood block,easy,10/11/2017 10::11::56 AM,10/11/2017 01::14::12 PM,8224
895,username895,subway surfers,medium,12/11/2017 05::13::34 PM,12/11/2017 08::12::25 PM,5381
896,username896,farm fest,easy,10/11/2017 10::11::56 AM,10/11/2017 01::14::12 PM,4144
897,username897,farm fest,easy,30/11/2017 02::12::34 PM,30/11/2017 06::54::56 PM,2494
898,username898,car racer,easy,10/11/2017 10::11::56 AM,10/11/2017 01::14::12 PM,1377
899,username899,farm fest,medium,09/11/2017 04::23::43 PM,09/11/2017 09::22::52 PM,4207
900,username900,temple run,medium,10/11/2017 10::11::56 AM,10/11/2017 01::14::12 PM,2734
901,username901,wood block,easy,09/11/2017 04::23::43 PM,09/11/2017 09::22::52 PM,6955
902,username902,wood block,medium,10/11/2017 10::11::56 AM,10/11/2017 01::14::12 PM,533
903,username903,bike race,easy,30/11/2017 02::12::34 PM,30/11/2017 06::54::56 PM,2253
904,username904,farm fest,medium,10/11/2017 10::11::56 AM,10/11/2017 01::14::12 PM,8901
905,username905,temple run,medium,12/11/2017 05::13::34 PM,12/11/2017 08::12::25 PM,5951
906,username906,bike race,easy,10/11/2017 10::11::56 AM,10/11/2017 01::14::12 PM,8195
907,username907,subway surfers,easy,09/11/2017 04::23::43 PM,09/11/2017 09::22::52 PM,487
908,username908,wood block,medium,10/11/2017 10::11::56 AM,10/11/2017 01::14::12 PM,2324
909,username909,farm heroes,medium,30/11/2017 02::12::34 PM,30/11/2017 06::54::56 PM,7224
910,username910,bike race,easy,10/11/2017 10::11::56 AM,10/11/2017 01::14::12 PM,1632
911,username911,farm fest,medium,09/11/2017 04::23::43 PM,09/11/2017 09::22::52 PM,8833
912,username912,car racer,easy,10/11/2017 10::11::56 AM,10/11/2017 01::14::12 PM,7884
913,username913,car racer,medium,09/11/2017 04::23::43 PM,09/11/2017 09::22::52 PM,76
914,username914,subway surfers,easy,10/11/2017 10::11::56 AM,10/11/2017 01::14::12 PM,972
915,username915,wood block,medium,30/11/2017 02::12::34 PM,30/11/2017 06::54::56 PM,7365
916,username916,cooking joy,medium,10/11/2017 10::11::56 AM,10/11/2017 01::14::12 PM,5198
917,username917,farm fest,medium,09/11/2017 04::23::43 PM,09/11/2017 09::22::52 PM,3389
918,username918,bike race,easy,10/11/2017 10::11::56 AM,10/11/2017 01::14::12 PM,7096
919,username919,wood block,medium,09/11/2017 04::23::43 PM,09/11/2017 09::22::52 PM,2721
920,username920,cooking joy,easy,10/11/2017 10::11::56 AM,10/11/2017 01::14::12 PM,6613
921,username921,car racer,easy,30/11/2017 02::12::34 PM,30/11/2017 06::54::56 PM,3923
922,username922,wood block,easy,10/11/2017 10::11::56 AM,10/11/2017 01::14::12 PM,3844
923,username923,car racer,medium,09/11/2017 04::23::43 PM,09/11/2017 09::22::52 PM,162
924,username924,farm fest,medium,10/11/2017 10::11::56 AM,10/11/2017 01::14::12 PM,8157
925,username925,bike race,easy,12/11/2017 05::13::34 PM,12/11/2017 08::12::25 PM,2618
926,username926,candy crush,medium,10/11/2017 10::11::56 AM,10/11/2017 01::14::12 PM,373
927,username927,farm fest,medium,30/11/2017 02::12::34 PM,30/11/2017 06::54::56 PM,2839
928,username928,bike race,medium,10/11/2017 10::11::56 AM,10/11/2017 01::14::12 PM,2028
929,username929,farm heroes,easy,09/11/2017 04::23::43 PM,09/11/2017 09::22::52 PM,8250
930,username930,subway surfers,easy,10/11/2017 10::11::56 AM,10/11/2017 01::14::12 PM,8319
931,username931,subway surfers,easy,09/11/2017 04::23::43 PM,09/11/2017 09::22::52 PM,166
932,username932,car racer,easy,10/11/2017 10::11::56 AM,10/11/2017 01::14::12 PM,4097
933,username933,farm fest,medium,30/11/2017 02::12::34 PM,30/11/2017 06::54::56 PM,4184
934,username934,subway surfers,medium,10/11/2017 10::11::56 AM,10/11/2017 01::14::12 PM,5671
935,username935,bike race,easy,12/11/2017 05::13::34 PM,12/11/2017 08::12::25 PM,2699
936,username936,bike race,easy,10/11/2017 10::11::56 AM,10/11/2017 01::14::12 PM,275
937,username937,bike race,medium,09/11/2017 04::23::43 PM,09/11/2017 09::22::52 PM,2461
938,username938,temple run,easy,10/11/2017 10::11::56 AM,10/11/2017 01::14::12 PM,1552
939,username939,candy crush,easy,30/11/2017 02::12::34 PM,30/11/2017 06::54::56 PM,813
940,username940,subway surfers,medium,10/11/2017 10::11::56 AM,10/11/2017 01::14::12 PM,3593
941,username941,wood block,medium,09/11/2017 04::23::43 PM,09/11/2017 09::22::52 PM,6454
942,username942,cooking joy,medium,10/11/2017 10::11::56 AM,10/11/2017 01::14::12 PM,9114
943,username943,subway surfers,easy,09/11/2017 04::23::43 PM,09/11/2017 09::22::52 PM,3159
944,username944,subway surfers,medium,10/11/2017 10::11::56 AM,10/11/2017 01::14::12 PM,1319
945,username945,farm fest,medium,30/11/2017 02::12::34 PM,30/11/2017 06::54::56 PM,7138
946,username946,cooking joy,easy,10/11/2017 10::11::56 AM,10/11/2017 01::14::12 PM,3817
947,username947,car racer,easy,09/11/2017 04::23::43 PM,09/11/2017 09::22::52 PM,951
948,username948,car racer,easy,10/11/2017 10::11::56 AM,10/11/2017 01::14::12 PM,2733
949,username949,bike race,easy,09/11/2017 04::23::43 PM,09/11/2017 09::22::52 PM,1024
950,username950,candy crush,easy,10/11/2017 10::11::56 AM,10/11/2017 01::14::12 PM,1726
951,username951,cooking joy,medium,30/11/2017 02::12::34 PM,30/11/2017 06::54::56 PM,8581
952,username952,candy crush,medium,10/11/2017 10::11::56 AM,10/11/2017 01::14::12 PM,2361
953,username953,cooking joy,medium,09/11/2017 04::23::43 PM,09/11/2017 09::22::52 PM,9129
954,username954,cooking joy,easy,10/11/2017 10::11::56 AM,10/11/2017 01::14::12 PM,3336
955,username955,farm heroes,medium,12/11/2017 05::13::34 PM,12/11/2017 08::12::25 PM,5730
956,username956,cooking joy,medium,10/11/2017 10::11::56 AM,10/11/2017 01::14::12 PM,6976
957,username957,farm fest,medium,30/11/2017 02::12::34 PM,30/11/2017 06::54::56 PM,4446
958,username958,wood block,medium,10/11/2017 10::11::56 AM,10/11/2017 01::14::12 PM,7531
959,username959,candy crush,medium,09/11/2017 04::23::43 PM,09/11/2017 09::22::52 PM,2572
960,username960,farm heroes,easy,10/11/2017 10::11::56 AM,10/11/2017 01::14::12 PM,3857
961,username961,candy crush,medium,09/11/2017 04::23::43 PM,09/11/2017 09::22::52 PM,249
962,username962,wood block,medium,10/11/2017 10::11::56 AM,10/11/2017 01::14::12 PM,3694
963,username963,farm heroes,easy,30/11/2017 02::12::34 PM,30/11/2017 06::54::56 PM,7188
964,username964,car racer,medium,10/11/2017 10::11::56 AM,10/11/2017 01::14::12 PM,1288
965,username965,farm fest,easy,12/11/2017 05::13::34 PM,12/11/2017 08::12::25 PM,7546
966,username966,farm fest,medium,10/11/2017 10::11::56 AM,10/11/2017 01::14::12 PM,7002
967,username967,farm heroes,easy,09/11/2017 04::23::43 PM,09/11/2017 09::22::52 PM,2715
968,username968,bike race,easy,10/11/2017 10::11::56 AM,10/11/2017 01::14::12 PM,3468
969,username969,wood block,medium,30/11/2017 02::12::34 PM,30/11/2017 06::54::56 PM,8146
970,username970,candy crush,medium,10/11/2017 10::11::56 AM,10/11/2017 01::14::12 PM,8349
971,username971,wood block,medium,09/11/2017 04::23::43 PM,09/11/2017 09::22::52 PM,4008
972,username972,wood block,medium,10/11/2017 10::11::56 AM,10/11/2017 01::14::12 PM,1912
973,username973,candy crush,medium,09/11/2017 04::23::43 PM,09/11/2017 09::22::52 PM,310
974,username974,candy crush,medium,10/11/2017 10::11::56 AM,10/11/2017 01::14::12 PM,179
975,username975,temple run,medium,30/11/2017 02::12::34 PM,30/11/2017 06::54::56 PM,7847
976,username976,farm fest,easy,10/11/2017 10::11::56 AM,10/11/2017 01::14::12 PM,4522
977,username977,bike race,medium,09/11/2017 04::23::43 PM,09/11/2017 09::22::52 PM,8825
978,username978,bike race,medium,10/11/2017 10::11::56 AM,10/11/2017 01::14::12 PM,8184
979,username979,farm heroes,easy,09/11/2017 04::23::43 PM,09/11/2017 09::22::52 PM,3302
980,username980,candy crush,medium,10/11/2017 10::11::56 AM,10/11/2017 01::14::12 PM,4944
981,username981,temple run,easy,30/11/2017 02::12::34 PM,30/11/2017 06::54::56 PM,6725
982,username982,subway surfers,easy,10/11/2017 10::11::56 AM,10/11/2017 01::14::12 PM,5089
983,username983,farm heroes,easy,09/11/2017 04::23::43 PM,09/11/2017 09::22::52 PM,6524
984,username984,subway surfers,easy,10/11/2017 10::11::56 AM,10/11/2017 01::14::12 PM,6438
985,username985,bike race,medium,12/11/2017 05::13::34 PM,12/11/2017 08::12::25 PM,4731
986,username986,farm heroes,medium,10/11/2017 10::11::56 AM,10/11/2017 01::14::12 PM,1712
987,username987,cooking joy,medium,30/11/2017 02::12::34 PM,30/11/2017 06::54::56 PM,6589
988,username988,farm heroes,medium,10/11/2017 10::11::56 AM,10/11/2017 01::14::12 PM,1410
989,username989,bike race,medium,09/11/2017 04::23::43 PM,09/11/2017 09::22::52 PM,8816
990,username990,candy crush,easy,10/11/2017 10::11::56 AM,10/11/2017 01::14::12 PM,5582
991,username991,bike race,medium,09/11/2017 04::23::43 PM,09/11/2017 09::22::52 PM,1327
992,username992,farm heroes,easy,10/11/2017 10::11::56 AM,10/11/2017 01::14::12 PM,5183
993,username993,temple run,medium,30/11/2017 02::12::34 PM,30/11/2017 06::54::56 PM,98
994,username994,wood block,medium,10/11/2017 10::11::56 AM,10/11/2017 01::14::12 PM,3355
995,username995,subway surfers,medium,12/11/2017 05::13::34 PM,12/11/2017 08::12::25 PM,7368
996,username996,car racer,easy,10/11/2017 10::11::56 AM,10/11/2017 01::14::12 PM,7697
997,username997,bike race,easy,09/11/2017 04::23::43 PM,09/11/2017 09::22::52 PM,2431
998,username998,bike race,medium,10/11/2017 10::11::56 AM,10/11/2017 01::14::12 PM,8381
999,username999,car racer,easy,30/11/2017 02::12::34 PM,30/11/2017 06::54::56 PM,661
1000,username1000,candy crush,medium,10/11/2017 10::11::56 AM,10/11/2017 01::14::12 PM,2112
